wellcome	DobrÃ½ den, jsem robot a zodpovÃ­dÃ¡m nejÄastÄ›jÅ¡Ã­ dotazy.
dik	Jsem rÃ¡d, Å¾e jsme se mohli poznat.
bye	LouÄÃ­m se...
oth	JÃ¡ robot tohle nevyÅ™eÅ¡Ã­m... NapiÅ¡te organizÃ¡torÅ¯m na info@logickaolympiada.cz
bye	aha no cau nepotrebuju pomoc diky ale ne
bye	aha no tak zatim zdar
bye	ahoj a dÃ­ky
bye	a koho to zajima
bye	A koho to zajÃ­mÃ¡?
bye	AÅ¥ tÄ› provÃ¡zÃ­ sÃ­la, drahÃ½ pÅ™Ã­teli
bye	bÄ›Å¾ do prdele
bye	Beztak kecÃ¡Å¡
bye	blbÄe
bye	blbe
bye	blbeÄku
bye	blby
bye	blbÃ½
bye	blokuju
bye	bye
bye	cancel
bye	cauvv
bye	co kdyz nechci
bye	dej pokoj
bye	DÄ›kuji, dobrou noc
bye	dÄ›kuji, nashledanou.
bye	dÄ›kuji, ne :-)
bye	DÄ›kuji, uÅ¾ jsem dcery registroval. Dobrou noc
bye	demente
bye	deÅ¾o jdi pryÄ
bye	die
bye	dik a nemusis
bye	dÃ­ky nepotÅ™ebuji
bye	dobÅ™e, dÄ›kuji
bye	doprdele dej mi pokoj
bye	Dotaz to nebyl.
bye	drÅ¾ hubu
bye	drz hubu plz
bye	drÅ¾ piÄu
bye	du spat
bye	end
bye	escape
bye	exit
bye	f*ck off
bye	Grrr
bye	hajzlÃ­ku
bye	hele sorry ale na tohle nemam Äas
bye	hele uÅ¾ me fakt nebavis
bye	hubu
bye	ignorante
bye	jÃ¡ ani ne
bye	jÃ¡ ani ne, vÃ­Å¡ co
bye	jakoby ani ne
bye	ja ne:(
bye	jÃ¡ ne
bye	jÃ¡ ne zmrde
bye	JÃ¡ roboty ne
bye	jÃ¡ takÃ© :)
bye	jdi do pÃ­Äe
bye	jdu spat
bye	jebu ti
bye	jj nashledanou
bye	jo ale ne s tebou kryple
bye	jo papa lasko
bye	jsi blbÃ­
bye	jsi hajzl
bye	jsi hnusnej Äus
bye	jsi retard
bye	kill
bye	klid jo
bye	koho to zajÃ­mÃ¡ ty programe nepotÅ™ebnej
bye	kokokot
bye	komu to cpeÅ¡?
bye	konec
bye	koned
bye	kryso
bye	kurva nech mÄ›
bye	kurvo
bye	lhÃ¡Å™i
bye	losere
bye	louÄÃ­m se
bye	LouÄÃ­m se :)
bye	lousim se
bye	luÄ se
bye	lÅ¯zre
bye	LÅ¾ete mi do oÄÃ­
bye	magore
bye	mejse
bye	mÄ›j se hezky
bye	mÄ› uÅ¾ to NEZAJÃMÃ
bye	Mocinky dekuju
bye	mrdko pojebanÃ¡
bye	myslÃ­m Å¾e ne
bye	namuzes
bye	naschedanou
bye	naschle
bye	naschledanou
bye	naser si
bye	^^^^nashedanou
bye	nashle
bye	Na shledanou
bye	Na shledanou, dÃ­ky za vÃ¡Å¡ Äas a zÃ¡jem Å tÄ›pÃ¡n
bye	nasledanou
bye	nasra
bye	Nasrat
bye	ne
bye	Ne, ale dÄ›kuji.ğŸ˜ƒ
bye	ne a nechci
bye	nebavis me
bye	Nebudu
bye	ne cekej
bye	nechci
bye	nechciiii
bye	nechciiiiiiiiiiiiiiiiiiiiiiiiiiiiiiiiiiii
bye	nechci pomoci
bye	nechcu
bye	nechcu dik
bye	nechmÄ›
bye	nech mÄ›
bye	nech toho
bye	neci
bye	neÄum
bye	Ne, dÄ›kuji
bye	ne dekuji chci si to jen prohlÃ­dnoutğŸ˜Š
bye	ne dekuji pozdeji
bye	ne dÄ›kuju
bye	ne dÃ­ky :)
bye	ne, dÃ­ky
bye	ne dÃ­ky, jenom koukÃ¡m
bye	Ne,dnes jsme se jen pÅ™ihlÃ¡sili,udÄ›lÃ¡me cviÄenÃ­ zÃ­tra,Dobrou Noc.
bye	nÃ©Ã©
bye	Neee
bye	neeee
bye	nejsi
bye	nemam zajem
bye	nemam zÃ¡jem momentalnÄ›
bye	nemÃ¡te zaÄ
bye	nemluv
bye	nemusÃ­Å¡ odpovÃ­dat
bye	nemusÃ­te
bye	nemÅ¯Å¾eÅ¡
bye	ne ne:/
bye	nenene
bye	nene v pohodÄ›)
bye	neotravovat
bye	neotravuj
bye	NepiÅ¡ mi
bye	Ne !pls
bye	nepomÃ¡hejte
bye	nepotrbuji
bye	NeruÅ¡!
bye	ne sorry
bye	nespamuj
bye	ne ty
bye	nevotravuj
bye	nezÃ¡jem
bye	niak
bye	NiÄÃ­m
bye	nic nepotÅ™ebuji
bye	nijak
bye	Nijak. ale dÄ›kuji.
bye	nn diky
bye	nneeeee
bye	nnn
bye	noaco
bye	no aÄus
bye	noobe
bye	nope
bye	No, radÅ¡i ne.
bye	nye
bye	odchod
bye	odejdi
bye	odejit
bye	odejÃ­t
bye	odpal
bye	OK
bye	ok bot
bye	ok Äus
bye	Ok, dÄ›kuji za odpovÄ›Ä
bye	OK. Diky robote.
bye	ok tak Äau
bye	ok tak se zabi
bye	O ne
bye	pa
bye	padej
bye	pÃ¡pÃ¡
bye	papa lasko
bye	papa zlato
bye	pedofil
bye	PoÄtu drÅ¾
bye	podle me ne
bye	pojeb mi
bye	polib
bye	povÃ­dÃ¡m ti zmiz
bye	prd
bye	pÅ™estaÅˆ
bye	PÅ™estaÅˆ to mlet furt dokola
bye	proboha
bye	ProsÃ­mnemluv
bye	ProsÃ­m nemluv
bye	PÅ¯jdu
bye	Å˜ÃKÃM DRÅ½ HUBU
bye	Å™Ã­kÃ¡m zmiz
bye	sakra ti debile
bye	s bohem
bye	seru na tebe
bye	seÅ¡ divnÃ½ robot chci jinÃ©ho
bye	sezer si
bye	SHUT THE FUCK UP
bye	shuttttttup
bye	Shut up
bye	Shuuuuuut uppppp
bye	si blbec
bye	si zlÃ½
bye	sklapni
bye	skoncils
bye	spi
bye	sraÄko
bye	stop
bye	Å¡ukat
bye	tÃ¡hni do ***
bye	tÃ¡hni doprdele
bye	tak ahoj
bye	tak Äau suchare
bye	tak jste marnÃ­
bye	tak nashledanou
bye	Tak nic. DÄ›kuji :-)
bye	Tak sbohem
bye	tak se louÄÃ­me
bye	taky dÄ›kuji:-)
bye	tak zdar
bye	TeÄ ne mÃ¡m Äas
bye	ticho
bye	ticho buÄ
bye	tivho
bye	to je jedno jÃ¡ se du uÄt tak ahoj
bye	to ne
bye	trapÃ¡ku
bye	ty cuzo
bye	ty hade
bye	ty idiot
bye	ty kokot
bye	ty si debil
bye	ty smrade
bye	ty vollllle
bye	Ãºchyle
bye	uhni
bye	uselles
bye	utÃ­kej
bye	UÅ¾ tÄ› nebudu otravovat
bye	vtf
bye	vyjebanej
bye	vypadni
bye	vypnut
bye	vysmahni
bye	vy taky
bye	zabij se
bye	zalez
bye	ZapomeÅˆ na to
bye	zasranej
bye	zasrany
bye	zatim cauky mnauky
bye	zavÅ™i hubu
bye	zbohem
bye	zemÅ™i
bye	zhebni
bye	zkap
bye	zklapni
bye	zmetku
bye	zmiz
bye	zmiz nebo zavÅ™u prohlÃ­Å¾eÄ
bye	zmizni
bye	zmlkni
bye	ABSOLUTNÃ NEZÃJEM
dik	to je super
dik	to by bylo fajn. DÄ›kuji za uÅ¾iteÄnou zpÄ›tnou vazbu
dik	thanks
dik	TÃ©Å¾ dÄ›kuji za VÃ¡Å¡ zÃ¡jem
dik	taky se obdivuju :d
dik	tak to seÅ¡ fakt dobrej
dik	super
dik	Supeer
dik	supeeeerrr
dik	SluÅ¡Ã­ ti to
dik	si super
dik	ty jsi ale hodnÃ½
dik	:-)
dik	aha
dik	AHA, tak se omlouvÃ¡m
dik	aha to jste dobÅ™Ã­ no jako
dik	aha to jue super
dik	Ale dÄ›kuju
dik	ale dÃ­k
dik	ale prosimte
dik	:D
dik	:DD
dik	:DDD
dik	deÄ›kuji : )
dik	dejuji
dik	dÄ›kiji
dik	dÄ›kju
dik	DÄ›kuji
dik	DÄ›kuji <3
dik	DÄ›kuji dalÅ¡Ã­ info
dik	DÄ›kuji dobÅ™e.
dik	dÄ›kujiii
dik	DÄ›kuji vÃ¡m!
dik	dÄ›kuji za odpovÄ›Ä na jinou otÃ¡zku
dik	DÄ›kuji,za pomoc.
dik	DÄ›kuji, znÃ¡m systÃ©m fungovÃ¡nÃ­
dik	DÄ›kuju
dik	DÄ›kuju za rady
dik	deujeme
dik	dik
dik	dÃ­k, ale nezajÃ­mÃ¡ mÄ› to
dik	dikes
dik	DÃ­k pomohlo uÅ¾ je mÃ¡m vypoÄÃ­tal sem nÄ›kolik uloh
dik	dÃ­ky
dik	dÃ­ky martine
dik	DÃ­ky moc.
dik	dÃ­ky:-P
dik	dneska si byl dobrej
dik	dobrz
dik	fajn
dik	frajerrrrrrr
dik	idk
dik	jakoby v pohodÄ› vÃ­Å¡ co, nic nepotÅ™ebuji
dik	jÃ¡ tak
dik	ja taky
dik	jÃ¡ taky
dik	ja taky cs
dik	ja taky cus
dik	JÃ¡ taky,nashedanou.
dik	ja taky no
dik	JÃ¡ vÃ­m, dÄ›kuji
dik	jo si moc super
dik	Jsi super kÃ¡moÅ¡
dik	Jsi vtipnÃ½
dik	moc dÄ›kuji
dik	Mooooc dÄ›kuji
dik	nÃ¡hodou jste velmi chytrÃ½
dik	ne dik
dik	nenÃ­ zaÄ :D
dik	No super
dik	o
dik	:-O
dik	O dÄ›kuji
dik	ok dik vole
dik	ok, dÃ­ky brÃ¡cho
dik	:-P
dik	palec hore
dik	Pomohl jsi mi
dik	Å¡ikula
dik	VY ROBUTCI JSTE NEJCHYTÅ˜EJÅ Ã
dik	vrÃ¡tÃ­Å¡ se ???
dik	VÃ¡m taky.
dik	vam taky
dik	to uÅ¾ vÃ­m dÃ­k za info
dik	to mi pomohlo
dik	To je super vole :D
wellcome	Äusik
wellcome	Äuuus
wellcome	cuuuus
wellcome	Äakujem vopred za odpoveÄ.
wellcome	dobr den
wellcome	dobrÃ½
wellcome	dobry den
wellcome	DobrÃ½ den
wellcome	DobrÃ½ deÅˆ
wellcome	DobrÃ½ den, dÄ›kuji vÃ¡m za nabÃ­dnutÃ­ pomoci.
wellcome	dobrÃ½ den jak se mÃ¡te
wellcome	dobrÃ½ den, jak se mÃ¡te ?
wellcome	DObrÃ½ den, je tam nekdo? :-)
wellcome	dobry den preji
wellcome	dobry dn
wellcome	dobrÃ½ veÄer
wellcome	dobyden
wellcome	/get_started
wellcome	get started
wellcome	halo
wellcome	halooo
wellcome	halooo...:--)
wellcome	haloooo
wellcome	heeeej
wellcome	heeej
wellcome	hello
wellcome	Hello LO
wellcome	hellou
wellcome	Heloo
wellcome	helou
wellcome	Jak se mÃ¡Å¡?
wellcome	jak se mÃ¡Å¡
wellcome	jak se maÅ¡
wellcome	jak se mas
wellcome	jak se mÃ¡Ä?
wellcome	Jak se dnes mÃ¡te?
wellcome	Jak se daÅ™Ã­?
wellcome	jÃ¡ jsem dan
wellcome	hoj
wellcome	hi
wellcome	HezkÃ½ den :)
wellcome	HEY
wellcome	Aho)
wellcome	Ahoj
wellcome	ahoj }-)
wellcome	Ahoj...
wellcome	ahoja
wellcome	zduuur
wellcome	zduÅ™
wellcome	zdruÅ™
wellcome	zdravÃ­m robota
wellcome	zdravÃ­m
wellcome	zdravÃ­Ã­m
wellcome	zdravÃ­Äko
wellcome	zdarvÃ­m
wellcome	zdarrrr
wellcome	Zdarek
wellcome	zdarec
wellcome	zdar
wellcome	zdaar
wellcome	ty jsi bot?
wellcome	tÄ›Å¡Ã­ mÄ› pane robot
wellcome	tak zduÅ™
wellcome	shoj
wellcome	servus
wellcome	preji ti robotycky den
wellcome	PÅ™eji dobrÃ½ den
wellcome	nevÃ­m, jak se mÃ¡Å¡?
wellcome	ne cau
wellcome	nazdar
wellcome	mÅ¯Å¾u se zeptat?
wellcome	mÅ¯Å¾u se zeptat
wellcome	mÅ¯Å¾u se jeÅ¡tÄ› zeptat?
wellcome	Kdo jsi
wellcome	Jjak se mÃ¡Å¡?
wellcome	jak se mÃ¡te, pane robote?
wellcome	Jak se mÃ¡te?
wellcome	jak se mÃ¡te
wellcome	ahoj bote
wellcome	ahojda
wellcome	ahoj jak se mÃ¡Å¡
wellcome	ahoj jsem robot
wellcome	ahoj, jsem tu zas
wellcome	ahojky
wellcome	ahoj martine
wellcome	ahojoj
wellcome	AHOJ ROBOTE JAK SE JMENUJESğŸ˜‰
wellcome	ahoj xD
wellcome	ahok
wellcome	ahooj
wellcome	ahooooj
wellcome	ahuj
wellcome	ano, jak se ti vede?
wellcome	aooj
wellcome	cau
wellcome	Äau
wellcome	Äau :)
wellcome	Äau :D
wellcome	Äau jÃ¡ jsem karel
wellcome	Äau jak je
wellcome	Äauko
wellcome	cau kocicaku
wellcome	caus
wellcome	cauuuu
wellcome	Äest
wellcome	cus
wellcome	Äus
wellcome	Äus!
wellcome	Äusbus
oth	musÃ­m vyplnovat ty nepovinnÃ© udaje a tu adresu,mesto,telefon atd take
oth	muze mi odpovedet clovek?
oth	MÅ¯Å¾u mluvit s ÄlovÄ›kem?
oth	mÅ¯Å¾u se zeptat kdyÅ¾ jsem zadala do registrace do soutÄ›Å¾e Å¡patnÃ½ email jak ho mÅ¯Å¾u zmÄ›nit.
oth	MÅ¯Å¾u se zeptat proÄ nefungujÃ­ webovky?
oth	Na e-mail nikdo neodpovÄ›dÄ›l
oth	na jakÃ½ mail
oth	najdi jmÃ©no Petr Verner
oth	Na podporu jsem zaslal konkrÃ©tnÃ­ dotaz, tak prosÃ­m o konkrÃ©tnÃ­ odpovÄ›Ä.
oth	Na to jsem se neptala
oth	Navrhuji zcela zmÄ›nit pÅ™Ã­stup k online pomoci. Po nÄ›kolika kolech nesmyslnÃ½ch odpovÄ›dÃ­ uÅ¾ to nenÃ­ ani vtipnÃ© :(
oth	nebo musÃ­m dodrÅ¾et nÄ›jakÃ© parametry aby do PC pasoval?
oth	Nechci bÃ½t vtÃ­ravÃ½, ale stÃ¡le jsem nedostal odpovÄ›Ä na to, na co jsem se ptal....
oth	Nechci dostÃ¡vat informace z LogickÃ© olympiÃ¡dy
oth	NedÃ¡ se nÄ›kde toto upravit nebo tÅ™eba vrÃ¡tit poslednÃ­ aktualizaci nebo tak?
oth	nejde ti to
oth	Nelze se znovu zaregistrovat se stejnÃ½m emailem.
oth	NenaÅ¡la jsem v registraÄnÃ­m formulÃ¡Å™i naÅ¡i Å¡kolu
oth	nerozumÃ­m
oth	nerozumÃ­m Äemu nerozumÃ­Å¡
oth	nerozumÃ­m cÅ¡emu nerozumÃ­s
oth	nevÄ›Å™m ti
oth	NevÃ­m kde se mÅ¯Å¾u podÃ­vat na co jsem odpovÄ›dÄ›la dobÅ™e a na co Å¡patnÄ› xd
oth	Ok, to rÃ¡da slyÅ¡Ã­m, ale pÅ™ece jenom bych byla radÅ¡i za ÄlovÄ›ka, kterÃ½ mÄ› pochopÃ­ a odpovÃ­ na otÃ¡zku.
oth	OmlouvÃ¡m se, ale nejsem uÄitel, nÃ½brÅ¾ Å¾Ã¡k
oth	Omylem jsem napsala neexistujÃ­cÃ­ email mÃ©ho zÃ¡konnÃ©ho zÃ¡stupce
oth	Omylem jsem napsal Å¡paÅ¥nÄ› jmÃ©no
oth	omylem jsem registrovala syna mÃ­sto do soutÄ›Å¾e jako uÄitele.
oth	Omylem jsem se do olympiÃ¡dy zaregistroval jako uÄitel mÃ­sto Å¾Ã¡ka.
oth	Omylem jsem zadala Å¡patnou tÅ™Ã­du
oth	Pokud na Å¡kole v souÄasnÃ© dobÄ› nenÃ­ registrovanÃ½ uÄitel, kdo mi potvrdÃ­, Å¾e jsem uÄitel?
oth	Pokud se nÄ›kteÅ™Ã­ z ÃºÄastnÃ­kÅ¯ nedostavÃ­ na krajskÃ© kolo, berou se nÃ¡hradnÃ­ci?
oth	poÅ¡li mÄ› ÄlovÄ›ka
oth	posli mi cloveka
oth	PotÅ™ebuji omezit pÅ™Ã­stup jednomu telefonu, a nevÃ­m jak na to.
oth	PotÅ™ebuji opravit zadanÃ© Ãºdaje
oth	potrebuji upravit udaje
oth	Pouzivam ve windows prohlizec OPERU verzi 54 a zmizeli mi zalozky.Nevite jak je obnovit?
oth	PÅ™estoupil jsem na jinou Å¡kolu
oth	PÅ™i opÄ›tovnÃ© registraci systÃ©m pÃ­Å¡e, Å¾e tento email uÅ¾ byl pro registraci pouÅ¾it, co s tÃ­m?
oth	ProsÃ­m, mÅ¯Å¾ete mi nÄ›kdo poradit, kde zÃ­skat , jak stÃ¡hnout, instalaci na tiskÃ¡rnu Canon MP250?
oth	ProsÃ­m, naveÄte mi na web, kde se dajÃ­ spustit zvukovÃ© knihy online zdarma
oth	ProsÃ­m nezasÃ­lat
oth	ProsÃ­m o odpovÄ›Ä
oth	ProsÃ­m VÃ¡s,pÅ™edevÅ¡Ã­m pÃ¡ny,kde sledovat na internetu Fortunu ligu Å¾ivÄ›?
oth	PtÃ¡m se, protoÅ¾e tÅ™eba u procesoru zÃ¡leÅ¾Ã­ na socketu a u RAM zas na DDR, ale platÃ­ to i na SSD disky?
oth	radkaho@gmail.com
oth	radkaho@gmail.com syn Milan Chum
oth	registrovala jsem se jako uÄitel, ale na Å¡kole mÄ› nikdo nemÅ¯Å¾e potvrdit. Jak mÃ¡m postupovat_
oth	Registroval/a jsem se omylem mezi uÄitele.
oth	Å¡patmÃ¡ registrace
oth	spatna trida
oth	syn uvedl Å¡patnÃ½ datum narozenÃ­. MÃ¡m to opravit? A kde?
oth	Tak VÃ¡m dobÅ™e Å¡ibe. Tak to nazdar, zÃ­tra, neÅ¾ na to nÄ›kdo odpovÃ­, bude pozdÄ›...
oth	Ta samÃ¡ otÃ¡zka platÃ­ i pÅ™i koupi grafickÃ© karty zda musÃ­m takÃ© nÄ›co dodrÅ¾et?
oth	to ale neÅ™eÅ¡Ã­ mÅ¯j problÃ©m
oth	To je Å¡patnÃ¡ odpovÄ›Ä :)
oth	To jste uÅ¾ Å™Ã­kal, ale termÃ­n zveÅ™ejnÄ›nÃ­ ani vÃ½sledky finÃ¡le tu nejsou.
oth	tomu rozumim. ale jak s tÃ­m mÃ½m testem?
oth	To nenÃ­ dobrÃ¡ odpovÄ›Ä :) V seznamu Å¡kol chybÃ­ Å¡kolka mÃ©ho syna - nenÃ­ moÅ¾nÃ© pÅ™ihlÃ¡sit ho bez uvedenÃ­ Å¡kolky!
oth	to nenÃ­ odpovÄ›Ä ma mou otÃ¡zku. NeocenÃ­m u logickÃ© olympiÃ¡dy, Å¾e mi odpovÃ­dÃ¡ automat :-)
oth	U druhÃ©ho syna vÅ¡e probÄ›hlo v poÅ™Ã¡dku. NepouÅ¾Ã­vÃ¡te souhlas z pÅ™edchozÃ­ch roÄnÃ­kÅ¯?
oth	DobrÃ½ den, NedÃ¡ se nÄ›kde toto upravit nebo tÅ™eba vrÃ¡tit poslednÃ­ aktualizaci nebo tak?
oth	DobrÃ½ den, nedaÅ™Ã­ se mi pÅ™ihlÃ¡Å¡enÃ­ Å¾Ã¡ka ani po vygenerovÃ¡nÃ­ novÃ©ho hesla. Jakub Bross - email jakub@seznam.cz. ZÃ­tra by mÄ›l testovat. ProsÃ­m o radu a dÄ›kuji.
oth	DobrÃ½ den, Nechci dostÃ¡vat informace z LogickÃ© olympiÃ¡dy
oth	DobrÃ½ den, nebo musÃ­m dodrÅ¾et nÄ›jakÃ© parametry aby do PC pasoval?
oth	DobrÃ½ den, musÃ­ byt kaÅ¾de dÃ­te registrovane na zvlÃ¡Å¡tnÃ­ email? Moc dÄ›kuji
oth	DobrÃ½ den, moje dcera omylem zadala patnÃ½ Ãºdaj, jak se dÃ¡ chybnÃ½ Ãºdaj nahradit
oth	DobrÃ½ den, mÃ¡m firemnÃ­ strÃ¡nky na facebooku a chci se zeptat, zda je moÅ¾enÃ© zakÃ¡zat sdÃ­lenÃ­ mnou dÃ¡vanÃ½ch pÅ™Ã­spÄ›kÅ¯ na mÃ© strÃ¡nky nÄ›kterÃ½m uÅ¾ivatelÅ¯m?
oth	DobrÃ½ den, MÃ¡m chybu ve jmÃ©nÄ›
oth	DobrÃ½ den, krÃ¡tce po spuÅ¡tÄ›nÃ­ testu nastal zÅ™ejmÄ› dÃ­ky poskytovateli sluÅ¾eb vÃ½padek internetovÃ©ho pÅ™ipojenÃ­. DÃ­ky tomu se dcera dostala myslÃ­m nejdÃ¡le k 5 otÃ¡zce. ProsÃ­m, bylo by moÅ¾nÃ© pro ni vygenerovat nÃ¡hradnÃ­ test?
oth	DobrÃ½ den, kaÅ¾dÃ½ rok Å¡lo editovat studenty, kteÅ™Ã­ tam popletli tÅ™eba zÃ¡pis tÅ™Ã­dy nebo napsali dvakrÃ¡t pÅ™Ã­jmenÃ­. Letos Å¾Ã¡dnou moÅ¾nost editace pro uÄitele nevidÃ­m, jak je moÅ¾nÃ© provÃ©st opravu? Iveta NagyovÃ¡
oth	DobrÃ½ den, Jsem zaregistrovanÃ½ dvakrÃ¡t
oth	DobrÃ½ den, je, prosÃ­m, moÅ¾nÃ© nÄ›kde vidÄ›t testovÃ© otÃ¡zky, jak je vyplnila dcera? Ve tÅ™Ã­dÄ› patÅ™Ã­ mezi nejlepÅ¡Ã­ Å¾Ã¡ky v celÃ©m roÄnÃ­ku, ale v testu obsadila zcela poslednÃ­ pÅ™Ã­Äky, jako kdyby zÃ­skala 0 bodÅ¯. RÃ¡d bych vÄ›dÄ›l, proÄ dopadla tak Å¡patnÄ›. DÄ›kuji za vaÅ¡i pomoc. D. ÄŒÃ¡p. dali.cap@centrum.cz
oth	DobrÃ½ den, Jak zruÅ¡Ã­m registraci?
oth	DobrÃ½ den, prÃ¡vÄ› jsem zaregistrovala syna skrz Å¡kolu NebuÅ¡ice do logickÃ© olympiÃ¡dy, a mÄ›ly mi pÅ™ijÃ­t 2 emaily. AvÅ¡ak pÅ™iÅ¡el jen jeden, ve kterÃ©m jsem potvrdila souhlas s osobnÃ­mi Ãºdaji, druhÃ½ zaheslovanÃ½ mi nedorazil
oth	DobrÃ½ den, PÅ™estoupil jsem na jinou Å¡kolu
oth	DobrÃ½ den, pÅ™ihlÃ¡sila jsem svÃ©ho syna do soutÄ›Å¾e. PÅ™iÅ¡ly mi v prvnÃ­m mailu pÅ™ihlaÅ¡ovacÃ­ Ãºdaje, ale dalÅ¡Ã­ email se souhlasem nikoliv. Nemohu se proto pÅ™ihlÃ¡sit. Nechceme soutÄ›Å¾ proÅ¡vihnout, prosÃ­m, jak mÃ¡me postupovat dÃ¡l.
oth	DobrÃ½ den, pÅ™i registraci dcery do logickÃ© olympiÃ¡dy jsem zadala Å¡patnou Å¡kolu.MÅ¯Å¾u pÅ¯vodnÃ­ registraci zruÅ¡it a vytvoÅ™it novou?
oth	DobrÃ½ den, pÅ™i registraci jsem zadala mail mamky, jelikoÅ¾ mi jeÅ¡tÄ› nenÃ­ 15 a mamce mail nepÅ™iÅ¡el. Jak mÃ¡m prosÃ­m postupovat?
oth	DobrÃ½ den, pÅ™i registraci mÃ©ho syna do logickÃ© olympiÃ¡dy se v registraÄnÃ­m formulÃ¡Å™i omylem zmÄ›nil jeho email na mÅ¯j. Jak to mÅ¯Å¾u zmÄ›nit, prosÃ­m?
oth	DobrÃ½ den, pÅ™iÅ¡la mi registrace do olymp. nejde se mi pÅ™ihlÃ¡sit pÅ™ihlaÅ¡ovacÃ­mi Ãºdaji, kterÃ© mÃ¡m zaregistrovanÃ© v e-m. Vygenerovat mi heslo nejde, hlÃ¡simi to, Å¾e neznÃ¡m mÅ¯j e-m. Co teÄ, prosÃ­m?DÄ›kuji VÃ­tkovÃ¡
oth	DobrÃ½ den, pÅ™i vyplÅˆovÃ¡nÃ­ registraÄnÃ­ho formulÃ¡Å™e se omylem automaticky vyplnil email manÅ¾ela, bohuÅ¾el jsme formulÃ¡Å™ odeslali bez opravy. ManÅ¾el obdrÅ¾el pÅ™ihlaÅ¡ovacÃ­ Ãºdaje SoutÄ›Å¾Ã­cÃ­: Filip Kociolek Login: ales.kociolek@azktrade.cz
oth	DobrÃ½ den, proÄ jsou vaÅ¡e strÃ¡nky nezabezpeÄenÃ©?
oth	DobrÃ½ den, pro dceru Moniku Vognarovou jsem potvrdil pÅ™es link ÃºÄast na olympiadÄ›. NepÅ™iÅ¡el mi, ale uÅ¾ Å¾adnÃ½ mail s pozvrzenÃ­m (heslem), kterÃ½ po mnÄ› chce Å¡kola. MÅ¯Å¾ete mi ho, prosÃ­m, poslat na vognar@wamak.cz DÄ›kuji MiloÅ¡ Vognar - 777 778 838
oth	DobrÃ½ den, prosÃ­m, jak na editaci osobnÃ­ch ÃºdajÅ¯. dÄ›kuji
oth	DobrÃ½ den, prosÃ­m kdyÅ¾ mÃ¡m tÅ™i dÄ›ti (ale teda zatÃ­m 2 dÄ›ti by se zuÄatnili, staÄÃ­ jeden email?? ) A taky pokud nedovolim ukazat uÄiteli a chci mu to ukazat aÅ¾ budu znat vysledek ja lze to nastavit aÅ¾ budu vÄ›dÄ›t vÃ½sledek? DÄ›kuji
oth	DobrÃ½ den, ProsÃ­m, mÅ¯Å¾ete mi nÄ›kdo poradit, kde zÃ­skat , jak stÃ¡hnout, instalaci na tiskÃ¡rnu Canon MP250?
oth	DobrÃ½ den, ProsÃ­m, naveÄte mi na web, kde se dajÃ­ spustit zvukovÃ© knihy online zdarma
oth	DobrÃ½ den, ProsÃ­m nezasÃ­lat
oth	DobrÃ½ den. ProsÃ­m vÃ¡s, je ÃºvodnÃ­ test kompatibilnÃ­ s Google Chrome?
oth	DobrÃ½ den, ProsÃ­m VÃ¡s,pÅ™edevÅ¡Ã­m pÃ¡ny,kde sledovat na internetu Fortunu ligu Å¾ivÄ›?
oth	DobrÃ½ den, PtÃ¡m se, protoÅ¾e tÅ™eba u procesoru zÃ¡leÅ¾Ã­ na socketu a u RAM zas na DDR, ale platÃ­ to i na SSD disky?
oth	DobrÃ½ den, rÃ¡da bych syna pÅ™ihlÃ¡sila do logickÃ© olympiÃ¡dy, ale jelikoÅ¾ navÅ¡tÄ›vuje Å¡kolu, kterÃ¡ nenÃ­ v seznamu, nemÅ¯Å¾u pÅ™ihlÃ¡Å¡ku odeslat.
oth	DobrÃ½ den, Registroval/a jsem se omylem mezi uÄitele.
oth	DobrÃ½ den, registrovala jsem Å¾Ã¡kyni svÃ© tÅ™Ã­dy a bohuÅ¾el jsem pÅ™i registraci uvedla chybnÃ½ rok narozenÃ­. Jak mÃ¡m tyto osobnÃ­ Ãºdaje opravit? DÄ›kuji, L. KnoblochovÃ¡
oth	DobrÃ½ den, rodiÄe naÅ¡eho Å¾Ã¡ka M. Hesse, kat. A, ZÅ  LedeÄ nad SÃ¡zavou mi volali, Å¾e jejich syn se umÃ­stil tuÅ¡Ã­m na 4.-7. mÃ­stÄ› v kraji VysoÄina. JÃ¡ jej vÅ¡ak bohuÅ¾el nemÃ¡m v seznamu Å¾Ã¡kÅ¯ naÅ¡Ã­ Å¡koly. Lze jej nÄ›jak pÅ™idat? RodiÄe se s VÃ¡mi patrnÄ› zÃ­tra takÃ© spojÃ­. DÄ›kuji moc
oth	dobrÃ½ den, shÃ¡nÃ­m kontakt na panÃ­ BerÄÃ­kovou z ÃšsteckÃ©ho kraje ...?!?
oth	DobrÃ½ den. Syn poslal jinÃ½ potvrzovacÃ­ email na zÃ¡konnÃ©ho zÃ¡stupce a jÃ¡ nemohu povolit jeho ÃºÄast v logickÃ© olympiÃ¡dÄ›. Co mohu udÄ›lat?
oth	Dobry den , syn Å¡patnÄ› zadal pÅ™i registraci emalovou adresu rodiÄe,kterou mamÄ› potvrdit a nemuÅ¾eme se pÅ™ihlasit do jeho ÃºÄtu. MÅ¯Å¾e nam nÄ›kdo pomoc?
oth	DobrÃ½ den.Syn ve Å¡kole zÅ™ejmÄ› Å¡patnÄ› napsal emailovou adresu, a chtÄ›l by soutÄ›Å¾it. Je moÅ¾nÃ© se pÅ™ihlÃ¡sit i pÅ™es tento formulÃ¡Å™?DÄ›kuji, MaÅ¡kovÃ¡
oth	DobrÃ½ den, Ta samÃ¡ otÃ¡zka platÃ­ i pÅ™i koupi grafickÃ© karty zda musÃ­m takÃ© nÄ›co dodrÅ¾et?
oth	DobrÃ½ den, UmÃ­te zde najÃ­t ÃºÄinnou radu bez odkazÅ¯ na servisy, kterÃ½m jsem pouze sponzorem bez Å™eÅ¡enÃ­?
oth	DobrÃ½ den, vÄera 30.9.2019 jsem posÃ­lal pÅ™ihlÃ¡Å¡ku kolem cca 20:15 hodin veÄer. VÅ¡e jsem vyplnil, ale Å¡patnÄ› jsem se domluvil se svÃ½m zÃ¡konnÃ½m zÃ¡stupcem a dnes mi moje panÃ­ uÄitelka oznÃ¡mila Å¾e mi pÅ™ihlÃ¡Å¡ka byla zamÃ­tnuta (z dÅ¯vodu: ,,souhlas s pouÅ¾itÃ­m osobnÃ­ch ÃºdajÅ¯ registrovanÃ©ho Å¾Ã¡ka/Å¾Ã¡kynÄ›â€œ). ChÃ¡pu Å¾e do olympiÃ¡dy (soutÄ›Å¾e) jiÅ¾ nemÅ¯Å¾u nastoupit, ale jelikoÅ¾ bych si to rÃ¡d vyzkouÅ¡el, tak mÄ› napadlo, jestli by se mi mohlo poslat zadanÃ­ pÅ™ikladu a jÃ¡ si to ve svÃ©m volnÃ©m Äase vyzkouÅ¡el. DÄ›kuji
oth	DobrÃ½ den, vÄera jsem uÄinila registraci na vaÅ¡ich strÃ¡nkÃ¡ch logickÃ© olympiÃ¡dy, pÅ™iÅ¡el mi odkaz, kterÃ½m jsem registraci potvrdila. Za chvilku mi pÅ™iÅ¡el dalÅ¡Ã­ email s heslem, ale kdyÅ¾ se chci pÅ™ihlÃ¡sit, pÃ­Å¡e mi to : PÅ™ihlÃ¡Å¡enÃ­ se nezdaÅ™ilo. ProsÃ­m ovÄ›Å™te sprÃ¡vnost zadanÃ©ho emailu a hesla. UjistÄ›te se, Å¾e heslo kopÃ­rujete pÅ™esnÄ› 8 znakÅ¯, bez mezer pÅ™ed nebo za heslem. PÅ™ihlÃ¡sit se je moÅ¾nÃ© pouze, pokud rodiÄe potvrdili souhlas s pouÅ¾itÃ­m osobnÃ­ch dat dÃ­tÄ›te mladÅ¡Ã­ho 15 let pro ÃºÄely soutÄ›Å¾e, kliknutÃ­m na odkaz, kterÃ½ dostali emailem po registraci. Registrace takÃ© mohla bÃ½t deaktivovÃ¡na na zÃ¡kladÄ› chybnÄ› zadanÃ½ch ÃºdajÅ¯ pÅ™i registraci. NevÃ­te nÃ¡hodou, ÄÃ­m by to mohlo bÃ½t? KdyÅ¾ jsem pÅ™ed lety registrovala a pÅ™ihlaÅ¡ovala starÅ¡Ã­ dceru, problÃ©my jsem s tÃ­m nemÄ›la. ZkouÅ¡ela jsem i zaslÃ¡nÃ­ novÃ©ho hesla, ale stÃ¡le mi pÅ™ihlÃ¡Å¡enÃ­ nefunguje....
oth	DobrÃ½ den, vÄera jsem vyplnila registraci a nepÅ™iÅ¡el mi Å¾Ã¡dnÃ½ e-mail. UdÄ›lala jsem to sprÃ¡vnÄ›? DÄ›kuji - reg. je na jm. Viktor Trnka 2.B, MilÃ­n 26231
oth	DobrÃ½ den, vÄera jsem zaregistrovala dceru a na mail pajulce77@seznam.cz mi nepÅ™iÅ¡lo Å¾Ã¡dnÃ© potvrzenÃ­ o registraci, tak jako uÅ¾ dÅ™Ã­ve u syna. mohlo se stÃ¡t, Å¾e dcera nebyla na olympiÃ¡du zaregistrovÃ¡na?
oth	DobrÃ½ den, v seznamu Å¡kol jsem bohuÅ¾el nenaÅ¡la MÅ , do kterÃ© chodÃ­ syn - Happy Hippos, JasmÃ­novÃ¡, Praha 10. Jak mÃ¡m postupovat? DÄ›kuji, Petra PfauserovÃ¡
oth	DobrÃ½ den, Å½Ã¡dÃ¡m o vyjmutÃ­ mÃ©ho e-mailu z VaÅ¡Ã­ databÃ¡ze.
oth	DobrÃ½ den, zajÃ­malo by mÄ›, zda prvnÃ­ kolo si vyplnÃ­ dÃ­tÄ› doma na poÄÃ­taÄi nebo organizovanÄ› ve Å¡kole?
oth	DobrÃ½ den, zaregistrovali jsme syna, kterÃ½ navÅ¡tÄ›vuje prvnÃ­ tÅ™Ã­du ZÅ  a nelze se do soutÄ›Å¾e dostat.PÅ™ihlÃ¡Å¡enÃ­ se nezdaÅ™ilo. ProsÃ­m ovÄ›Å™te sprÃ¡vnost zadanÃ©ho emailu a hesla. UjistÄ›te se, Å¾e heslo kopÃ­rujete pÅ™esnÄ› 8 znakÅ¯, bez mezer pÅ™ed nebo za heslem. PÅ™ihlÃ¡sit se je moÅ¾nÃ© pouze, pokud rodiÄe potvrdili souhlas s pouÅ¾itÃ­m osobnÃ­ch dat dÃ­tÄ›te mladÅ¡Ã­ho 15 let pro ÃºÄely soutÄ›Å¾e, kliknutÃ­m na odkaz, kterÃ½ dostali emailem po registraci. Registrace takÃ© mohla bÃ½t deaktivovÃ¡na na zÃ¡kladÄ› chybnÄ› zadanÃ½ch ÃºdajÅ¯ pÅ™i registraci.
oth	DobrÃ½ den, Zaregistroval jsem se do Å¡patnÃ© Å¡koly
oth	DobrÃ½ den, ZdravÃ­m, nepamatuje si nÄ›kdo nÃ¡zev tÃ©to hry z videoautomatÅ¯ od komediantÅ¯, hrÃ¡l jsem ji na Commodore 64, ale nemÅ¯Å¾u si vzpomenout na nÃ¡zev, dÃ­ky.
oth	DobrÃ½ den, ZdravÃ­m, nevÄ›dÄ›li byste nÄ›kdo, jak by se dala upravit velikost mezer mezi ikonami v liÅ¡tÄ› zÃ¡loÅ¾ek?
oth	DobrÃ½ den, ZmÄ›nila jsem Å¡kolu
oth	DobrÃ½ veÄer, dcera se registrovala, ale popletla rodiÄovskÃ½ mail. Je moÅ¾nÃ© poslat prosbu o souhlas rodiÄÅ¯ znovu na jinÃ½ email?
oth	DobrÃ½ veÄer, mohu jako uÄitel upravit Å¾Ã¡kÅ¯m tÅ™Ã­du? V minulÃ½ch letech to Å¡lo, teÄ to vypadÃ¡, Å¾e to nejde. NÄ›kteÅ™Ã­ tÅ™Ã­du zadali neÃºplnÄ› nebo Å¡patnÄ›.
oth	DobrÃ½ veÄer, prÃ¡vÄ› jsem registrovala synka Filipa KopÅ™ivu (Rokycany). ChodÃ­ do prvnÃ­ tÅ™Ã­dy, ale Å™Ã­kala jsem si, Å¾e by mohl zkusit vyÅ¡Å¡Ã­ kategorii - kategorii A (3.-5. tÅ™Ã­da). Je to kluk Å¡ikovnÃ½, nadanÃ½, velkÃ½ matematik s IVP NeumÃ­ jen psacÃ­ pÃ­smo, pokud by to bylo pÅ™ekÃ¡Å¾kou. Mohl by zkusit vyÅ¡Å¡Ã­ kategorii? ChtÄ›la jsem ho pÅ™ihlÃ¡sit, ale neÅ¡lo mi to vzhledem k vÄ›ku. DÄ›kuji za odpovÄ›Ä. Veronika KopÅ™ivovÃ¡, maminka
oth	DobrÃ½ veÄer, pÅ™iÅ¡el mi mail s linkem o souhlas s pouÅ¾itÃ­m osobnÃ­ch ÃºdajÅ¯ Adama PalouÅ¡ka. BohuÅ¾el mi na link nejde kliknout
oth	Email jsem nenalezla a nelze se znovu registrovat.
oth	email jsme nikde nenaÅ¡li a registrovat uÅ¾ se nejde , neboÅ¥ je po termÃ­nu registrace
oth	Filip KopÅ™iva do vyÅ¡Å¡Ã­ kategorie
oth	Gratulujeme, postupujeÅ¡ do krajskÃ©ho semifinÃ¡le, kterÃ© probÄ›hne v pÃ¡tek 1. listopadu 2019 ve vÅ¡ech krajÃ­ch. PozvÃ¡nku a dalÅ¡Ã­ informace obdrÅ¾Ã­Å¡ e-mailem. Å½Ã¡dÃ¡me TÄ› o potvrzenÃ­ ÃºÄasti v kraji: zÃºÄastnÃ­m se / nezÃºÄastnÃ­m se. VaÅ¡i volbu potvrÄte tlaÄÃ­tkem "UloÅ¾it". Volba se vÅ¾dy uloÅ¾Ã­, nepÅ™ijde uÅ¾ Å¾Ã¡dnÃ© potvrzenÃ­ na email.
oth	HezkÃ½ veÄer...prÃ¡vÄ› jsem registrovala svÃ©ho syna do soutÄ›Å¾e. BohuÅ¾el jsem uvedla Å¡patnÃ© datum narozenÃ­. Jak jej mohu opravit?
oth	Hladam informaci, kedy budu mat termin 5taci a kedy 2ci ZS, ktori su uz obaja zaregistrovani. Dakujem
oth	info
oth	jÃ¡ bych se porosÃ­m potÅ™eboval zaregistrovat do tohoto roÄnÃ­ku logickÃ© olympiÃ¡dy mÃ¡me to ze Å¡koly povinnÃ© a jÃ¡ na to zapomÄ›l
oth	JÃ¡ jsem rodiÄ
oth	Jak mÃ¡m vymazat ÃºÄet na messengeru?
oth	jak prosÃ­m zruÅ¡it odbÄ›r novinek?
oth	jak se odregistrovat
oth	Jak smaÅ¾u registraci uÄitele?
oth	Jak upravÃ­m jmÃ©no Å¡koly?
oth	Jak zmÄ›nÃ­m email v registraci?
oth	Jak zmÄ›nÃ­m nÃ¡zev naÅ¡Ã­ Å¡koly?
oth	Jak zmÄ›nÃ­m Å¡kolu v registraci?
oth	Jak zruÅ¡Ã­m registraci?
oth	Jak zruÅ¡it bÃ½valÃ© vyuÄujÃ­cÃ­ naÅ¡Ã­ Å¡koly? Je tu jen potvrdit.
oth	ja nevim jak se odhlasit
oth	ja ti veÅ™im
oth	Jdou testy udÄ›lat ve Firefoxu?
oth	Je mi 15 let.ZkouÅ¡ela jsem novÃ© heslo,ale to mi takÃ© nefunguje.
oth	Je moÅ¾nÃ© pÅ™edÄ›lat email zÃ¡konnÃ©ho zÃ¡stupce?
oth	Je podmÃ­nkou ÃºÄasti jednotlivce registrace mateÅ™skÃ© Å¡koly kterou navÅ¡tÄ›vuje?
oth	Jsem rodiÄ a ptÃ¡m se,zda je ÃºÄast na olympiÃ¡dÄ› pro Å¾Ã¡ky povinnÃ¡?Nechci Å™eÅ¡it Ãºlohy,chci informace.
oth	jsem zaregistrovÃ¡na na strÃ¡nkÃ¡ch logickÃ© olympiÃ¡dy jako pedagog, ale od zÃ¡Å™Ã­ jsem zmÄ›nila zamÄ›stnÃ¡nÃ­/Å¡kolu. Je, prosÃ­m, moÅ¾no, zmÄ›nit Å¡kolu i v systÃ©mu?
oth	Jsem zaregistrovanÃ½ dvakrÃ¡t
oth	Jsou testy kompatibilnÃ­ s Google Chrome?
oth	kde je info
oth	kde muyu napsat abz mi poradili
oth	Kde najdu tlaÄÃ­tko "uloÅ¾it" ?
oth	Kde zmÄ›nit Ãºdaje Å¾Ã¡ka?
oth	kolik mi musÃ­ bÃ½t?
oth	Lenka s Katkou hrÃ¡ly tenis. Za kaÅ¾dÃ½ prohranÃ½ zÃ¡pas dÃ¡vala poraÅ¾enÃ¡ vÃ­tÄ›zce ÄokolÃ¡du. Na zaÄÃ¡tku mÄ›ly obÄ› stejnÃ½ poÄet ÄokolÃ¡d. Na konci mÄ›la Katka na kontÄ› 3 vÃ½hry a Lenka si odnÃ¡Å¡ela o 7 ÄokolÃ¡d vÃ­c neÅ¾ mÄ›la na zaÄÃ¡tku. Kolik zÃ¡pasÅ¯ spolu celkem hrÃ¡ly??
oth	mail dorazil prÃ¡zdnÃ½ bez odkazu
oth	MÃ¡m chybu ve jmÃ©nÄ›
oth	mÃ¡m firemnÃ­ strÃ¡nky na facebooku a chci se zeptat, zda je moÅ¾enÃ© zakÃ¡zat sdÃ­lenÃ­ mnou dÃ¡vanÃ½ch pÅ™Ã­spÄ›kÅ¯ na mÃ© strÃ¡nky nÄ›kterÃ½m uÅ¾ivatelÅ¯m?
oth	mÃ¡m na piÄu poÄÃ­taÄ ve Å¡kole a nejde mi vaÅ¡e strÃ¡nka
oth	Mnoho naÅ¡ich rodiÄÅ¯ se na nÃ¡s obracÃ­ s prosbou, Å¾e jim Å¾Ã¡dnÃ½ email nedoÅ¡el a nemohou tedy potvrdit ÃºÄast. Je moÅ¾nÃ© abychom mi kantoÅ™i vidÄ›li, jakÃ½ rodiÄovskÃ½ email dÄ›ti pouÅ¾ili? SkalÃ¡kovÃ¡ ZÅ  Å½iÅ¾kov
oth	Mohou si dÄ›ti psÃ¡t na papÃ­r vedle vÃ½poÄty atd. PouÅ¾itÃ­ kalkulaÄek na poÄÃ­taÄi je moÅ¾nÃ©? DÄ›kuji
oth	DobrÃ½ den, ChtÄ›la bych vÄ›dÄ›t jak mohu vypnout titulnÃ­ foto na facebooku aniÅ¾ bych musela vymazat tu pÅ¯vodnÃ­?
oth	Dobry den,chci se zeptat na registraci ?zaregistrovala jsem dceru na svÅ¯j mail ale ted mi doslo ze ona mi na nej bude chodit nebo jak to je?
oth	DobrÃ½ den, BohuÅ¾el jsem zadala Å¡patnÃ½ e-mail svÃ©ho zÃ¡konnÃ©ho zÃ¡stupce
oth	DobrÃ¡ den prosÃ­m registroval jsem se do soutÄ›Å¾e pod e-mailem p.joklik@gmail.cz je mi pod takÅ¾e sem zadal i rodiÄovskÃ½ ale Å¡patnÄ› a teÄ nevÃ­m jak zruÅ¡it mou pÅ™edeÅ¡lou pÅ™ihlÃ¡Å¡ku a napsat novou.
oth	Dnes jsem se zaregistroval do VaÅ¡Ã­ soutÄ›Å¾e, bohuÅ¾el jsem se vlivem svÃ© nepozornosti registroval jako uÄitel nikoliv jako soutÄ›Å¾Ã­cÃ­.
oth	DÄ›kuji, takÅ¾e mÃ¡me zaloÅ¾it profil.A poslednÃ­ dotaz znÃ­. Ze strany Å¡kolky nÃ¡m bylo Å™eÄeno, Å¾e syn bude jistÄ› nadprÅ¯mÄ›rnÄ› inteligentnÃ­. BavÃ­ ho prÃ¡ce s ÄÃ­sly, hraje rÃ¡d Å¡achy a to je mu 6 let, je pÅ™edÅ¡kolÃ¡k. Kde mu mohu nechat zmÄ›Å™it IQ. Jsme z Opavy.
oth	DceÅ™i email pÅ™iÅ¡el, ale mnÄ› coby rodiÄovi ne.
oth	Dcera se pÅ™ihlÃ¡sila do logickÃ© olympiÃ¡dy, ovÅ¡em v registraci uvedla nesprÃ¡vnÃ½ email.
oth	DÃ¡ se v "PlÃ¡novaÄi Ãºloh" naplÃ¡novat vypnutÃ­ PC do "ÃšspornÃ©ho reÅ¾imu"?
oth	dalÅ¡Ã­ kola uÅ¾ nebudou online ?
oth	co to??? co si to dovolujes
oth	co kdyÅ¾ vÃ½sledek testu nenÃ­ na mÃ©m profilu?
oth	co kdyÅ¾ se na krajskÃ© kolo nedostavÃ­m?
oth	co kdyÅ¾ jsem zadala Å¡patnou Å¡kolu?
oth	co dÄ›lat pÅ™i Å¡patnÃ© registraci
oth	ChtÄ›l jsem slyÅ¡et 26.10 ve 12:00 ale na AI docela dobrÃ©
oth	ChtÄ›l jsem se zaregistrovat jako Å¾Ã¡k, ale jsem zÅ™ejmÄ› zaregistrovÃ¡n jako uÄitel.
oth	chtÄ›l bych si koupit SSD disk, protoÅ¾e s HDD se nedÃ¡ uÅ¾ vydrÅ¾et, ale otÃ¡zka znÃ­ zda mÅ¯Å¾u koupit jakÃ½koliv?
oth	chtÄ›l bych se zeptat, pÅ™i vÃ½bÄ›ru ,,vaÅ¡e Å¡kola,, nemÅ¯Å¾u zvolit tu svoji -GymnÃ¡zium Pavla KÅ™iÅ¾kovskÃ©ho s umÄ›leckou profilacÃ­ jak ji mÃ¡m pÅ™idat ?
oth	UJsem rodiÄ a registruji pÅ™es stejnÃ½ email uÅ¾ ponÄ›kolikÃ¡tÃ© - nevidÃ­m odkaz kde registrovat
oth	UmÃ­te zde najÃ­t ÃºÄinnou radu bez odkazÅ¯ na servisy, kterÃ½m jsem pouze sponzorem bez Å™eÅ¡enÃ­?
oth	u registrace v soutÄ›Å¾i jsem zadala Å¡patnÃ½ e-mail zÃ¡konnÃ©ho zÃ¡stupce
oth	uz jsem to slysel 10x matika mi moc nejde
oth	UÅ¾ jste nÄ›kdy slyÅ¡eli pÅ™Ã­slovÃ­: "Chybami se ÄlovÄ›k uÄÃ­?" :-)
oth	Ve spamu ani hromadnÃ© poÅ¡tÄ› email nenÃ­, co teÄ?
oth	zadal jsem Å¡patnÃ½ email pro rodiÄe
oth	Zadal jsem Å¡potnÃ½ e-mail.
oth	Å½Ã¡dÃ¡m o vyjmutÃ­ mÃ©ho e-mailu z VaÅ¡Ã­ databÃ¡ze.
oth	Zaregistrovala jse Å¡patnou e-mailovou adresu
oth	Zaregistroval jsem se do Å¡patnÃ© Å¡koly
oth	ZdravÃ­m, hledÃ¡m technickou podporu. :)
oth	ZdravÃ­m, nepamatuje si nÄ›kdo nÃ¡zev tÃ©to hry z videoautomatÅ¯ od komediantÅ¯, hrÃ¡l jsem ji na Commodore 64, ale nemÅ¯Å¾u si vzpomenout na nÃ¡zev, dÃ­ky.
oth	ZdravÃ­m, nevÄ›dÄ›li byste nÄ›kdo, jak by se dala upravit velikost mezer mezi ikonami v liÅ¡tÄ› zÃ¡loÅ¾ek?
oth	ZmÄ›nila jsem Å¡kolu
oth	zmenil jsem skolu
oth	zmÄ›nit Ãºdaj na pÅ™ihlÃ¡Å¡ce
oth	ChtÄ›l bych sehnat vÃ­tÄ›ze roku 2018,prosÃ­m.
oth	ChtÄ›la bych vÄ›dÄ›t jak mohu vypnout titulnÃ­ foto na facebooku aniÅ¾ bych musela vymazat tu pÅ¯vodnÃ­?
oth	chtÄ›la bych se zeptat zda jsem syny Matyase a Tadease Kramule prihlasila sprÃ¡vnÄ› kaÅ¾dÃ©ho z jinÃ©ho emailu
oth	Chci tÄ› pouÄit, neodpovÃ­dÃ¡Å¡ na nic dobÅ™e.
oth	chci mluvit s ÄlovÄ›kem
oth	BohuÅ¾el jsem zadala Å¡patnÃ½ e-mail svÃ©ho zÃ¡konnÃ©ho zÃ¡stupce
oth	bohuÅ¾el jsem dceru omylem zaregistrovala pod svÃ½m jmÃ©nem.
oth	ale na mÃ©m profilu nic nenÃ­
oth	ale mÄ› zajÃ­mÃ¡ nÄ›co jinÃ©ho
oth	Ale email rodiÄÅ¯m nepÅ™iÅ¡el.
oth	a kolik hodin?
oth	A jak vyÅ™eÅ¡Ã­m polÃ­Äko MÅ  kde nenÃ­ na vÃ½bÄ›r MÅ  kterou syn navÅ¡tÄ›vuje?
oth	a co je "kolo". PtÃ¡m se, jeslti v prÅ¯bÄ›hu 1. - 7. Å™Ã­jna mÃ¡ kaÅ¾dÃ½ ÃºÄastnÃ­k vypracovat jen jeden test nebo vÃ­ce.
oth	DobrÃ½ den, prÃ¡vÄ› jsem klikla na odkaz v mailu po dokonÄenÃ­ registrace, mÅ¯Å¾ete mi ovÄ›Å™it zda je dcera zaregistrovÃ¡na?
oth	DobrÃ½ den, Pouzivam ve windows prohlizec OPERU verzi 54 a zmizeli mi zalozky.Nevite jak je obnovit?
oth	dobrÃ½ den, potÅ™ebuji zmÄ›nit jmÃ©no a pÅ™Ã­jmenÃ­ v registraci
oth	DobrÃ½ den, PotÅ™ebuji omezit pÅ™Ã­stup jednomu telefonu, a nevÃ­m jak na to.
oth	Dobry den, po prvnim prihlasenim nam bylo oznameno, ze test jsme jiz vyplnili a neni mozne jej opakovat. Ale vubec se nam neotevrel.
oth	DobrÃ½ den. Podporujeme v registraci i naÅ¡e Å¾Ã¡ky. NicmÃ©nÄ› mÃ¡te Å¡patnÄ› uvedenÃ½ nÃ¡zev naÅ¡Ã­ Å¡koly - coÅ¾ potom mÅ¯Å¾e plÃ©st i vaÅ¡e Å¾Ã¡ky.
oth	DobrÃ½ den, podaÅ™ilo se nÃ¡m zmeÅ¡kat termÃ­n olympiÃ¡dy pro Å¾Ã¡ky 1. tÅ™Ã­dy - lze se ho zÅ¯Äastnit dodateÄnÄ› ?? KlidnÄ› i mimo soutÄ›Å¾ ? DÄ›kuji, BouÅ¡e
oth	dobrÃ½ den, omylem jsme oznaÄila jinou Å¡kolu mÃ©ho syna, ale nejde mi to jiÅ¾ zmÄ›nit, kdyÅ¾ je registrovanÃ½.
oth	DobrÃ½ den, Omylem jsem se do olympiÃ¡dy zaregistroval jako uÄitel mÃ­sto Å¾Ã¡ka.
oth	DobrÃ½ den, omylem jsem registrovala syna mÃ­sto do soutÄ›Å¾e jako uÄitele.
oth	DobrÃ½ den, Omylem jsem napsala neexistujÃ­cÃ­ email mÃ©ho zÃ¡konnÃ©ho zÃ¡stupce
oth	DobrÃ½ den, omlouvÃ¡m se, samozÅ™ejmÄ› vidÃ­m, Å¾e se jiÅ¾ nelze pÅ™ihlÃ¡sit, termÃ­n byl do vÄerejÅ¡ka. ProsÃ­m, nelze to jeÅ¡tÄ› dodateÄnÄ›? JednÃ¡ se o Å¾Ã¡ka 7. roÄnÃ­ku. DÄ›kuji Jana Å vihÃ¡lkovÃ¡
oth	DobrÃ½ den, OmlouvÃ¡m se, ale nejsem uÄitel, nÃ½brÅ¾ Å¾Ã¡k
oth	DobrÃ½ den, NenaÅ¡la jsem v registraÄnÃ­m formulÃ¡Å™i naÅ¡i Å¡kolu
oth	dobry den, nenasel jsem MS Hostavice, U Hostavickeho potoka, Praha
oth	DobrÃ½ den, nemohu se registrovat, protoÅ¾e email je jiÅ¾ zaregistrovanÃ½.
oth	DobrÃ½ den, nedorazil mi mail s potvrzenÃ­m souhlasu rodiÄe. Rersp. dorazil prÃ¡zdnÃ½ mail... DÄ›kuji za pomoc Petr PÃ¡ta
oth	DobrÃ½ den, nedorazil mi mail s potvrzenÃ­m souhlasu rodiÄe. Rersp. dorazil prÃ¡zdnÃ½ mail...
oth	DobrÃ½ den, nedaÅ™Ã­ se mi pÅ™ihlÃ¡sit jako uÄitel. Je moÅ¾nÃ©, Å¾e je to tÃ­m, Å¾e se pÅ™ihlaÅ¡uji na stejnÃ½ mail, na jakÃ½ mÃ¡m zaregistrovanou takÃ© dceru? DÄ›kuji za odpovÄ›Ä, PavlÃ­na VaculÃ­kovÃ¡
oth	DobrÃ½ den, Jak zmÄ›nÃ­m Å¡kolu v registraci?
oth	DobrÃ½ den, Jak zmÄ›nÃ­m nÃ¡zev naÅ¡Ã­ Å¡koly?
oth	DobrÃ½ den, Jak zmÄ›nÃ­m email v registraci?
oth	DobrÃ½ den, Jak upravÃ­m jmÃ©no Å¡koly?
oth	DobrÃ½ den, Jak smaÅ¾u registraci uÄitele?
oth	DobrÃ½ den, Jak mÃ¡m vymazat ÃºÄet na messengeru?
oth	DobrÃ½ den, jak je moÅ¾nÃ© opravit Å¡patnÄ› zadanÃ© tÅ™Ã­dy (jen B mÃ­sto 7.B, 5.A mÃ­sto 6.A, ...)? DÄ›kuji
oth	dobrÃ½ den doma jsme syna registrovali, a oni se dnes pÅ™ihlaÅ¡ovali ve Å¡kole a pÅ™ihlÃ­sil se znova na druhÃ½ email. Je to problÃ©m? dÄ›kuji moc
oth	dobrÃ½ den doma jsem syna registrovali a dnes se registrovali ve Å¡kole a zaregistroval se takÃ©. je to problÃ©m?
oth	DobrÃ½ den, Dnes jsem se zaregistroval do VaÅ¡Ã­ soutÄ›Å¾e, bohuÅ¾el jsem se vlivem svÃ© nepozornosti registroval jako uÄitel nikoliv jako soutÄ›Å¾Ã­cÃ­.
oth	DobrÃ½ den dÄ›kuji jen jsme koukala na vysledky dcery a koukam timto testem to konÄÃ­ ?a prosÃ­m nemÃ¡te logickÃ© testy k zakoupeni na procviÄovÃ¡nÃ­ ?dÄ›kuji
oth	DobrÃ½ den, dcera vypracovala test, ale vÃ½sledek nenÃ­ dostupnÃ½. V Äem je problÃ©m?
oth	DobrÃ½ den. Dcera se zaregistrovala, ale zvolila Å¡patnou Å¡kolu. DÃ¡ se to opravit?
oth	DobrÃ½ den, Dcera se pÅ™ihlÃ¡sila do logickÃ© olympiÃ¡dy, ovÅ¡em v registraci uvedla nesprÃ¡vnÃ½ email.
oth	DobrÃ½ den, dcera registrovala email bez potvrzenÃ­ zÃ¡konnÃ©ho zÃ¡stupce. PÅ™i znovuvyplneni formulÃ¡Å™e uÅ¾ nelze provÃ©st registraci a potvrdit. Jak se dostanu k potvrzenÃ­ registrace? T Fiala
oth	DobrÃ½ den, dcera pÅ™i registraci nejspÃ­Å¡e Å¡patnÄ› opsala email rodiÄe, na kterÃ½ mÄ›lo pÅ™ijÃ­t potvrzenÃ­, bez kterÃ©ho se nemÅ¯Å¾e pÅ™ihlÃ¡sit. Lze s tÃ­m nÄ›co dÄ›lat? DÄ›kuji
oth	dobrÃ½ den dcera jede na celostÃ¡tnÃ­ kolo a je uvÃ­zlÃ¡ v kolonÄ›, aÄkoliv vyrazili s velkÃ½m pÅ™edstihem, jak postupovat aby se mohla zÃºÄastnit?
oth	DobrÃ½ den, DÃ¡ se v "PlÃ¡novaÄi Ãºloh" naplÃ¡novat vypnutÃ­ PC do "ÃšspornÃ©ho reÅ¾imu"?
oth	DobrÃ½ den, ChtÄ›l jsem se zaregistrovat jako Å¾Ã¡k, ale jsem zÅ™ejmÄ› zaregistrovÃ¡n jako uÄitel.
oth	DobrÃ½ den, chtÄ›l bych si koupit SSD disk, protoÅ¾e s HDD se nedÃ¡ uÅ¾ vydrÅ¾et, ale otÃ¡zka znÃ­ zda mÅ¯Å¾u koupit jakÃ½koliv?
oth	DobrÃ½ den chtÄ›l bych se zeptat kolikÃ¡tÃ¡ skonÄila Å¡kola NebuÅ¡ice
oth	DobrÃ½ den, chtÄ›la jsem syna navÃ©st na vypracovÃ¡nÃ­ testu, ale po kliknutÃ­ na "vypracovat test" se objevila hlÃ¡Å¡ka, Å¾e nenÃ­ Å¾Ã¡dnÃ½ test pÅ™Ã­stupnÃ½, nejdÅ™Ã­ve 22.10.2019. PomÅ¯Å¾ete mi, prosÃ­m?