co_je	co je olympiÃ¡da?
co_je	Co je to LogickÃ¡ olympiÃ¡da?
co_je	co jeto logickÃ¡ olimpiÃ¡da
co_je	Co se vyskytuje v olympiÃ¡dÄ›
co_je	Co to je logickÃ¡ olympiÃ¡da?
co_je	Co to je logickÃ¡ olympiÃ¡da?
co_je	Co znamenÃ¡ logickÃ¡ olympiÃ¡da?
co_je	Do jakÃ©ho dne
co_je	Do kdy vypracovat test?
co_je	DobrÃ½ den, Co je to LogickÃ¡ olympiÃ¡da?
co_je	DobrÃ½ den, Co to je logickÃ¡ olympiÃ¡da?
co_je	DobrÃ½ den, Co znamenÃ¡ logickÃ¡ olympiÃ¡da?
co_je	DobrÃ½ den, do kdy musÃ­m vypracovat test, pokud jsem jiÅ¾ registrovanÃ½?
co_je	DobrÃ½ den, Jak Äasto se konÃ¡ logickÃ¡ olympiÃ¡da?
co_je	DobrÃ½ den, Jak soutÄ›Å¾ probÃ­hÃ¡?
co_je	DobrÃ½ den, Je logickÃ¡ olympiÃ¡da vstup do Mensy
co_je	DobrÃ½ den, Je to stejnÃ© jako Mensa?
co_je	DobrÃ½ den, Kdo mÅ¯Å¾e soutÄ›Å¾it?
co_je	DobrÃ½ den, Kdo organizuje logickou olympiÃ¡du?
co_je	DobrÃ½ den, Kdo poÅ™Ã¡dÃ¡ logickou olympiÃ¡du?
co_je	DobrÃ½ den, Kdo se mÅ¯Å¾e zÃºÄastnit logickÃ© olympiÃ¡dy?
co_je	dobry den, kdy se prosim olympiada kona?
co_je	DobrÃ½ den, LogickÃ¡ olympiÃ¡da je kaÅ¾dÃ½ rok?
co_je	DobrÃ½ den, O co jde v logickÃ© olympiÃ¡dÄ›?
co_je	DobrÃ½ den, O Äem je logickÃ¡ olympiÃ¡da?
co_je	DobrÃ½ den, PoÅ™Ã¡dÃ¡ se logickÃ¡ olympiÃ¡da kaÅ¾dÃ½ rok?
co_je	DobrÃ½ den, Pro koho je logickÃ¡ olympiÃ¡da urÄenÃ¡?
co_je	DobrÃ½ den, Pro koho je logickÃ¡ olympiÃ¡da vhodnÃ¡?
co_je	DobrÃ½ den, V Äem spoÄÃ­vÃ¡ logickÃ¡ olympiÃ¡da?
co_je	Jak Äasto se konÃ¡ logickÃ¡ olympiÃ¡da?
co_je	Jak soutÄ›Å¾ probÃ­hÃ¡?
co_je	jak to bude probÃ­hat
co_je	jakÃ© jsou termÃ­ny?
co_je	Je logickÃ¡ olympiÃ¡da vstup do Mensy
co_je	JE TATO OLYMPIADA BEZPECNA?
co_je	Je to stejnÃ© jako Mensa?
co_je	Kdo mÅ¯Å¾e soutÄ›Å¾it?
co_je	Kdo organizuje logickou olympiÃ¡du?
co_je	Kdo poÅ™Ã¡dÃ¡ logickou olympiÃ¡du?
co_je	Kdo se mÅ¯Å¾e zÃºÄastnit logickÃ© olympiÃ¡dy?
co_je	Kdo to organizuje?
co_je	Kdy bude olympiÃ¡da zaÄÃ­nat?
co_je	kdy bude soutÄ›Å¾?
co_je	kdy budou vÃ­sledky
co_je	Kdy najdu kategorii B?
co_je	kdy se logickÃ¡ olympiÃ¡da konÃ¡?
co_je	Kdy soutÄ›Å¾ zaÄÃ­na?
co_je	Kdy to zaÄÃ­nÃ¡?
co_je	Kdy zaÄÃ­nÃ¡ soutÄ›Å¾?
co_je	Kdy zaÄÃ­nÃ¡me?
co_je	Kdy?
co_je	kolik let je logickÃ¡ olympiÃ¡da
co_je	LogickÃ¡ olympiÃ¡da je kaÅ¾dÃ½ rok?
co_je	O co jde v logickÃ© olympiÃ¡dÄ›?
co_je	O Äem je logickÃ¡ olympiÃ¡da?
co_je	PoÅ™Ã¡dÃ¡ se logickÃ¡ olympiÃ¡da kaÅ¾dÃ½ rok?
co_je	pravidla
co_je	Pro koho je logickÃ¡ olympiÃ¡da urÄenÃ¡?
co_je	Pro koho je logickÃ¡ olympiÃ¡da vhodnÃ¡?
co_je	TermÃ­ny
co_je	V Äem spoÄÃ­vÃ¡ logickÃ¡ olympiÃ¡da?
co_je	ZaÄÃ¡tek soutÄ›Å¾Ä›?
dve	DobrÃ½ den, Jak zaregistruji vÃ­ce dÄ›tÃ­?
dve	MÃ¡m dvÄ› dÄ›ti
dve	Co kdyÅ¾ dÄ›ti jeÅ¡tÄ› nemajÃ­ svÅ¯j vlastnÃ­ email?
dve	MÃ¡me tÅ™i dÄ›ti
dve	DobrÃ½ den, pokud chci pÅ™ihlÃ¡sit dvÄ› dÄ›ti, pak jako rodiÄ pÅ™ihlÃ¡sÃ­m kaÅ¾dÃ© dÃ­tÄ› z jinÃ©ho emailu? Loni to tak bylo.
dve	Jak zaregistruji vÃ­ce dÄ›tÃ­?
e_h	a kdyÅ¾ jsem heslo zapomela?
e_h	ale proÄ to nefunguje
e_h	ÄŒÃ­m to mÅ¯Å¾e bÃ½t, Å¾e mi nepÅ™iÅ¡lo heslo?
e_h	DobrÃ½ den, ÄŒÃ­m to mÅ¯Å¾e bÃ½t, Å¾e mi nepÅ™iÅ¡lo heslo?
e_h	DobrÃ½ den, dÄ›kuji, nehledÃ¡m.. Jen si nevzpomÃ­nÃ¡m na svÃ© heslo:).
e_h	DobrÃ½ den, chtÄ›l bych se zeptat co mÃ¡m dÄ›lat, pokud mi strÃ¡nka s pÅ™Ã­hlÃ¡Å¡enÃ­ opakovanÄ› po zaadÃ¡nÃ­ sprÃ¡vnÃ½ch pÅ™ihlaÅ¡ovacÃ­ch ÃºdajÅ¯ stÃ¡le Å™Ã­kÃ¡, Å¾e se nelze pÅ™ihlÃ¡sit. Souhlas s pouÅ¾itÃ­m osobnÃ­ch informavÃ­ byl takÃ© potvrzen. NevÃ­te co mÃ¡m dÄ›lat?
e_h	DobrÃ½ den, JakÃ½m zpÅ¯sobem dostanu heslo?
e_h	DobrÃ½ den, Jsem registrovanÃ½, ale nepÅ™iÅ¡lo mi heslo
e_h	DobrÃ½ den, Kde najdu heslo ke vstupu?
e_h	DobrÃ½ den, Na e-mail jsem nedostal heslo.
e_h	DobrÃ½ den, Nedostal jsem heslo.
e_h	DobrÃ½ den, NedoÅ¡lo mi heslo.
e_h	DobrÃ½ den, NemÃ¡m heslo.
e_h	DobrÃ½ den, NemÃ¡m od vÃ¡s Å¾Ã¡dnÃ½ login
e_h	DobrÃ½ den, NemÃ¡m v emailu potvrzenÃ­ ani heslo.
e_h	DobrÃ½ den, NemÃ¡m vstupnÃ­ heslo
e_h	DobrÃ½ den, nemuzu se prihlasit, registracni email mi prisel a potvrzeni zakonneho zastupce bylo odeslano.
e_h	DobrÃ½ den, NepÅ™iÅ¡lo mi heslo
e_h	DobrÃ½ den, Po registraci nÃ¡m nepÅ™iÅ¡el email s heslem.
e_h	DobrÃ½ den, vÄera jsem vyplnila registraci a nepÅ™iÅ¡el mi Å¾Ã¡dnÃ½ e-mail. UdÄ›lala jsem to sprÃ¡vnÄ›?
e_h	jake je moje heslo
e_h	JakÃ½m zpÅ¯sobem dostanu heslo?
e_h	Jsem registrovanÃ½, ale nepÅ™iÅ¡lo mi heslo
e_h	Kde najdu heslo ke vstupu?
e_h	Na e-mail jsem nedostal heslo.
e_h	Nedostal jsem heslo.
e_h	NedoÅ¡lo mi heslo.
e_h	Nejde mi se pÅ™ihlÃ¡sit ani po vygenerovÃ¡nÃ­ novÃ©ho hesla, dÄ›lÃ¡m jÃ¡ nÄ›co Å¡patnÄ›?
e_h	NemÃ¡m heslo.
e_h	NemÃ¡m od vÃ¡s Å¾Ã¡dnÃ½ login
e_h	NemÃ¡m v emailu potvrzenÃ­ ani heslo.
e_h	NemÃ¡m vstupnÃ­ heslo
e_h	NepÅ™iÅ¡el e-mail, nemÃ¡m heslo
e_h	NepÅ™iÅ¡lo mi heslo
e_h	nevÃ­m jak na to,heslo je neplatne.Dekuji
e_h	nevÃ­m jak se mÃ¡m pÅ™ihlÃ¡sit protoÅ¾e mi to nebere gmail ani heslo.
e_h	Po registraci nÃ¡m nepÅ™iÅ¡el email s heslem.
e_h	Po vygenerovÃ¡nÃ­ novÃ©ho hesla se mi Å¾Ã¡dnÃ© nezaÅ¡le.
e_h	poslala jsem Å¾Ã¡dost pro zapomenutÃ© heslo, ale email nedorazil.
e_h	PotÅ™ebuji potvrdit svoji ÃºÄast v krajskÃ©m kole a zapomnÄ›l jsme heslo, novÃ© heslo na mÅ¯j mail nepÅ™iÅ¡lo.
e_h	proÄ mi nejde vstup do soutÄ›Å¾e
e_h	Vygenerovala jsem novÃ© heslo, ale nepÅ™iÅ¡lo. Jsem rodiÄ.
e_h	Zkusila jsem si nechat poslat novÃ© heslo, ale Å¾Ã¡dnÃ© mi nepÅ™iÅ¡lo. Nemohu se tedy pÅ™ihlÃ¡sit, co mÃ¡m dÄ›lat?
e_s	Co dÄ›lat kdyÅ¾ mi nedoÅ¡el e-mail se Å¾Ã¡dostÃ­ o souhlas s pouÅ¾itÃ­m osobnÃ­ch ÃºdajÅ¯.
e_s	Co kdyÅ¾ mi nedorazil e-mail se Å¾Ã¡dostÃ­ o souhlas s pouÅ¾itÃ­m osobnÃ­ch ÃºdajÅ¯?
e_s	Co mÃ¡m dÄ›lat kdyÅ¾ mi nedorazil e-mail se Å¾Ã¡dostÃ­ o souhlas s pouÅ¾itÃ­m osobnÃ­ch ÃºdajÅ¯.
e_s	Co mÃ¡m dÄ›lat kdyÅ¾ mi nedorazil e-mail se Å¾Ã¡dostÃ­ o souhlas?
e_s	Dcera se registrovala v pÃ¡tek, je mladÅ¡Ã­ 15 let a mÄ› poÅ™Ã¡d jeÅ¡tÄ› nepÅ™iÅ¡el email s linkem pro potvrzenÃ­ souhlasu rodiÄÅ¯, kdy je tÅ™eba to zaÄÃ­t Å™eÅ¡it?
e_s	DobrÃ½ den ,kdyÅ¾ se pokusÃ­m pÅ™ihlÃ¡sit do soutÄ›Å¾e (6. tÅ™Ã­da) a zadÃ¡m email a pÅ™idÄ›lenÃ© heslo pÃ­Å¡e mi to Å¾e nemÃ¡m potvrzenÃ­ zÃ¡konnÃ©ho zÃ¡stupce,tomu vÅ¡ak nic nepÅ™iÅ¡lo.
e_s	DobrÃ½ den uÅ¾ pÅ™ed pÃ¡r dny jsem zaregistrovala syna a poÅ™Ã¡d mi nepÅ™iÅ¡li pÅ™ihlaÅ¡ovacÃ­ Ãºdaje
e_s	DobrÃ½ den, Co dÄ›lat kdyÅ¾ mi nedoÅ¡el e-mail se Å¾Ã¡dostÃ­ o souhlas s pouÅ¾itÃ­m osobnÃ­ch ÃºdajÅ¯.
e_s	DobrÃ½ den, Co kdyÅ¾ mi nedorazil e-mail se Å¾Ã¡dostÃ­ o souhlas s pouÅ¾itÃ­m osobnÃ­ch ÃºdajÅ¯?
e_s	DobrÃ½ den, Co mÃ¡m dÄ›lat kdyÅ¾ mi nedorazil e-mail se Å¾Ã¡dostÃ­ o souhlas s pouÅ¾itÃ­m osobnÃ­ch ÃºdajÅ¯.
e_s	DobrÃ½ den, Co mÃ¡m dÄ›lat kdyÅ¾ mi nedorazil e-mail se Å¾Ã¡dostÃ­ o souhlas?
e_s	DobrÃ½ den, dcera je pÅ™ihlÃ¡Å¡ena do logickÃ© olympiÃ¡dy, v emailu je napsÃ¡no vyÄkejte na email, kde souhlasÃ­te se zprac. osobnÃ­ch ÃºdajÅ¯. Doposud ale nepÅ™iÅ¡el. dÄ›kuji
e_s	DobrÃ½ den, chtÄ›la bych udÄ›lit souhlas s pouÅ¾itÃ­m osobnÃ­ch ÃºdajÅ¯ registrovanÃ© Å¾Ã¡kynÄ› Nikoly. Jak to mohu provÃ©st prosÃ­m? 
e_s	DobrÃ½ den, chtÄ›la jsem se zeptat. PÅ™ihlÃ¡sila jsem syna a nenÃ­ mu 15 a jeÅ¡tÄ› mi nepÅ™iÅ¡el souhlas na e-mail - odsouhlasenÃ­ osobnÃ­ch ÃºdajÅ¯. DÄ›kuji SitkovÃ¡
e_s	DobrÃ½ den, Jak mÃ¡m postupovat pokud mi nedoÅ¡el email se Å¾Ã¡dostÃ­ o souhlas s pouÅ¾itÃ­m osobnÃ­ch ÃºdajÅ¯.
e_s	DobrÃ½ den, Jsem rodiÄ a nepÅ™iÅ¡el mi e-mail k souhlasu o osobnÃ­ch ÃºdajÃ­ch
e_s	DobrÃ½ den, Jsem rodiÄ a nepÅ™iÅ¡el mi e-mail se Å¾Ã¡dostÃ­ o souhlas s pouÅ¾itÃ­m osobnÃ­ch ÃºdajÅ¯
e_s	DobrÃ½ den, Kdy mi dorazÃ­ e-mail se Å¾Ã¡dostÃ­ o souhlas s pouÅ¾itÃ­m osobnÃ­ch ÃºdajÅ¯?
e_s	DobrÃ½ den, mÃ¡m prosbu, syn se zaregistrovat do logickÃ© olympiÃ¡dy. JÃ¡ bych mÄ›la potvrdit jeho pÅ™ihlÃ¡Å¡enÃ­ ze svÃ©ho emailu. BohuÅ¾el ten potvrzujÃ­cÃ­ email nemohu najÃ­t.
e_s	DobrÃ½ den, mÃ©mu rodiÄi nepÅ™iÅ¡el e-mail se Å¾Ã¡dostÃ­ o souhlas s pouÅ¾itÃ­m osobnÃ­ch ÃºdajÅ¯?
e_s	DobrÃ½ den, mÃ©mu zÃ¡konnÃ©mu zÃ¡stupci nepÅ™iÅ¡el email, pÅ™es kterÃ½ by mÄ›l potvrdit moji ÃºÄast na soutÄ›Å¾i
e_s	DobrÃ½ den, mÅ¯j syn Adam PotoÄÅˆÃ¡k se registroval dne 21. 9. Dosud mi nepÅ™iÅ¡el e-mail pro zÃ¡konnÃ©ho zÃ¡stupce
e_s	DobrÃ½ den, nedorazil mi mail s potvrzenÃ­m souhlasu rodiÄe.
e_s	DobrÃ½ den, NedoÅ¡el mi e-mail se Å¾Ã¡dostÃ­ o souhlas s pouÅ¾itÃ­m osobnÃ­ch ÃºdajÅ¯.
e_s	DobrÃ½ den, NemÃ¡m e-mail se souhlasem o osobnÃ­ch ÃºdajÃ­ch
e_s	DobrÃ½ den, NemÃ¡m e-mail se Å¾Ã¡dostÃ­ o souhlas s pouÅ¾itÃ­m osobnÃ­ch ÃºdajÅ¯
e_s	DobrÃ½ den, nemÃ¡m v e-mailu zprÃ¡vu se Å¾Ã¡dostÃ­ o souhlas s pouÅ¾itÃ­m osobnÃ­ch ÃºdajÅ¯.
e_s	DobrÃ½ den, neobdrÅ¾ela jsem od vÃ¡s e-mail k odsouhlasenÃ­ zÃ¡konnÃ½m zÃ¡stupcem k registraci mÃ©ho syna
e_s	DobrÃ½ den, nepÅ™iÅ¡el email se Å¾Ã¡dostÃ­ o souhlas s pouÅ¾itÃ­m osobnÃ­ch ÃºdajÅ¯.
e_s	DobrÃ½ den, nepÅ™iÅ¡el mail pro schvÃ¡lenÃ­ (jsem matka). Co teÄ s tÃ­m?
e_s	DobrÃ½ den, nepÅ™iÅ¡el mi email s odkazem na souhlas s registracÃ­ dcery.
e_s	DobrÃ½ den, NepÅ™iÅ¡el nÃ¡m email s prosbou o souhlas s pouÅ¾itÃ­m osobnÃ­ch ÃºdajÅ¯?
e_s	DobrÃ½ den, po registraci syna do soutÄ›Å¾e mi nepÅ™iÅ¡el potvrzovacÃ­ email. Jak postupovat? DÄ›kuji Martin Kroupa
e_s	dobrÃ½ den, prosÃ­m nedoÅ¡el mi mail pro potvrzenÃ­ pro rodiÄe mohu se zeptat jak mÃ¡m postupovat? dÄ›kuji
e_s	DobrÃ½ den, prosÃ­m nepÅ™iÅ¡lo mi potvrzenÃ­ o souhlasu zÃ¡konnÃ©ho zÃ¡stupce. ProsÃ­m o znovu zaslÃ¡nÃ­
e_s	DobrÃ½ den, pÅ™ihlaÅ¡ovala jsem syna RenÃ©ho Mohylu,1.C , ZÅ  HÃ¡lkova 4, Olomouc a panÃ­ uÄitelka mi volala, Å¾e mÃ¡m potvrdit SOUHLAS ZÃKONNÃ‰HO ZÃSTUPCE - email, kterÃ½ by ale obsahoval takovÃ½ dotaz mi nepÅ™iÅ¡el,mÅ¯Å¾ete to provÄ›Å™it, prosÃ­m? MohylovÃ¡, 607700189
e_s	DobrÃ½ den, v ÃºterÃ½ jsem registrovala syna ml. 15-ti let a stÃ¡le mi nepÅ™iÅ¡el souhlas.
e_s	DobrÃ½ den, v ÃºterÃ½ jsem registrovala syna ml. 15-ti let a stÃ¡le mi nepÅ™iÅ¡el souhlas. Dnes jsem registrovala dceru a souhlas pÅ™iÅ¡el obratem...
e_s	dobrÃ½ den, vÄera jsem hlÃ¡sila dceru, pÅ™iÅ¡el mi email s heslem, ale nedorazil mi ten pro rodiÄe, kde mÃ¡m potvrdit osobnÃ­ Ãºdaje....JmÃ©na dcery je Lucie KoptÃ­kovÃ¡.. dÄ›kuji
e_s	DobrÃ½ den, zaregistrovala jsem do olypiÃ¡dy obÄ› svÃ© dÄ›ti, ale bohuÅ¾el se nÃ¡m nedaÅ™Ã­ ani jednomu pÅ™ihlÃ¡sit se. VyÅ¾Ã¡dali jsme si i novÃ¡ hesla, ale ani ta nÃ¡m to nebere...co s tÃ­m? DÄ›kuji, Jana StehlÃ­kovÃ¡
e_s	DobrÃ½ den. PÅ™ihlaÅ¡ovala jsem dceru (8 let) na logickou olympiÃ¡du. E-mail o registraci mi pÅ™iÅ¡el, ale bohuÅ¾el zatÃ­m nepÅ™iÅ¡el e-mail pro rodiÄe, zÃ¡konnÃ©ho zÃ¡stupce. Mohu poprosit o jeho zaslÃ¡nÃ­?
e_s	DobrÃ½den,ano, nepÅ™iÅ¡elnÃ¡m email pro souhlas sezprac. ÃºdajÅ¯
e_s	Jak mÃ¡m postupovat pokud mi nedoÅ¡el email se Å¾Ã¡dostÃ­ o souhlas s pouÅ¾itÃ­m osobnÃ­ch ÃºdajÅ¯.
e_s	Jsem rodiÄ a nepÅ™iÅ¡el mi e-mail k souhlasu o osobnÃ­ch ÃºdajÃ­ch
e_s	Jsem rodiÄ a nepÅ™iÅ¡el mi e-mail se Å¾Ã¡dostÃ­ o souhlas s pouÅ¾itÃ­m osobnÃ­ch ÃºdajÅ¯
e_s	Kdy mi dorazÃ­ e-mail se Å¾Ã¡dostÃ­ o souhlas s pouÅ¾itÃ­m osobnÃ­ch ÃºdajÅ¯?
e_s	MÃ¡me registrace, ale nepÅ™iÅ¡el nÃ¡m email, kde mÅ¯Å¾eme dÃ¡t souhlas s pouÅ¾itÃ­m ÃºdajÅ¯, neboÅ¥ dcera je mladÅ¡Ã­ 15 let.
e_s	mÃ©mu rodiÄi nepÅ™iÅ¡el e-mail se Å¾Ã¡dostÃ­ o souhlas s pouÅ¾itÃ­m osobnÃ­ch ÃºdajÅ¯?
e_s	mÃ©mu zÃ¡konnÃ©mu zÃ¡stupci nepÅ™iÅ¡el email, pÅ™es kterÃ½ by mÄ›l potvrdit moji ÃºÄast na soutÄ›Å¾i
e_s	mojim rodicum nedorzail email
e_s	Nedorazil mail se souhlasem rodiÄe
e_s	NedoÅ¡el mi e-mail se Å¾Ã¡dostÃ­ o souhlas s pouÅ¾itÃ­m osobnÃ­ch ÃºdajÅ¯.
e_s	NemÃ¡m e-mail se souhlasem o osobnÃ­ch ÃºdajÃ­ch
e_s	NemÃ¡m e-mail se Å¾Ã¡dostÃ­ o souhlas s pouÅ¾itÃ­m osobnÃ­ch ÃºdajÅ¯
e_s	nemÃ¡m v e-mailu zprÃ¡vu se Å¾Ã¡dostÃ­ o souhlas s pouÅ¾itÃ­m osobnÃ­ch ÃºdajÅ¯.
e_s	neobdrÅ¾ela jsem od vÃ¡s e-mail k odsouhlasenÃ­ zÃ¡konnÃ½m zÃ¡stupcem k registraci mÃ©ho syna
e_s	nepÅ™iÅ¡el email se Å¾Ã¡dostÃ­ o souhlas s pouÅ¾itÃ­m osobnÃ­ch ÃºdajÅ¯.
e_s	nepÅ™iÅ¡el mail pro schvÃ¡lenÃ­ (jsem matka). Co teÄ s tÃ­m?
e_s	NepÅ™iÅ¡el mi potvrzovacÃ­ mail
e_s	NepÅ™iÅ¡el nÃ¡m email s prosbou o souhlas s pouÅ¾itÃ­m osobnÃ­ch ÃºdajÅ¯?
e_s	NepÅ™iÅ¡el potvrzovacÃ­ email. Co mÃ¡m dÄ›lat
e_s	proÄ mi nepÅ™iÅ¡lo heslo?
e_s	registraci uÅ¾ jsem udÄ›lala ale poÅ™Ã¡d mi nic nepÅ™iÅ¡lo
e_s	RegistraÄnÃ­ Ãºdaje mÃ¡m, ale nepÅ™iÅ¡el mi email s linkem pro potvrzenÃ­ souhlasu rodiÄÅ¯:)
e_s	RodiÄe nepotvrdili souhlas s pouÅ¾itÃ­m osobnÃ­ch dat dÃ­tÄ›te mladÅ¡Ã­ho 15 let pro ÃºÄely soutÄ›Å¾e, protoÅ¾e jim nepÅ™iÅ¡el odkaz emailem po registraci.
e_s	rodiÄi nepÅ™iÅ¡el email
gdpr	Do kolika let dÃ­tÄ›te musÃ­m potvrdit souhlas s pouÅ¾itÃ­m osobnÃ­ch ÃºdajÅ¯ mÃ©ho dÃ­tÄ›te?
gdpr	Do kolika let dÃ­tÄ›te musÃ­m potvrdit souhlas s pouÅ¾itÃ­m osobnÃ­ch ÃºdajÅ¯?
gdpr	DobrÃ½ den, Do kolika let dÃ­tÄ›te musÃ­m potvrdit souhlas s pouÅ¾itÃ­m osobnÃ­ch ÃºdajÅ¯ mÃ©ho dÃ­tÄ›te?
gdpr	DobrÃ½ den, Do kolika let dÃ­tÄ›te musÃ­m potvrdit souhlas s pouÅ¾itÃ­m osobnÃ­ch ÃºdajÅ¯?
gdpr	DobrÃ½ den, hledÃ¡m formulÃ¡Å™ souhlas se zpracovÃ¡nÃ­ ÃºdajÅ¯, prÃ½ ho mÃ¡ mÃ­t dcera zÃ­tra s sebou
gdpr	DobrÃ½ den, Jak jako rodiÄ mÅ¯Å¾u potvrdit souhlas s pouÅ¾itÃ­m osobnÃ­ch ÃºdajÅ¯?
gdpr	DobrÃ½ den, Jak mÅ¯Å¾u potvrdit registraci svÃ©ho dÃ­tÄ›te?
gdpr	DobrÃ½ den, Jak mÅ¯Å¾u potvrdit registraci?
gdpr	DobrÃ½ den, Jak mÅ¯Å¾u souhlasit s pouÅ¾itÃ­m dat dÃ­tÄ›te?
gdpr	DobrÃ½ den, Jak potvrdÃ­m souhlas s pouÅ¾itÃ­m osobnÃ­ch ÃºdajÅ¯ mÃ©ho dÃ­tÄ›te?
gdpr	DobrÃ½ den, Jak potvrdÃ­m souhlas s pouÅ¾itÃ­m osobnÃ­ch ÃºdajÅ¯?
gdpr	DobrÃ½ den, Jak rodiÄ potvrdÃ­ registraci?
gdpr	DobrÃ½ den, Je povinnÃ½ souhlas zÃ¡konnÃ©ho zÃ¡stupce s registracÃ­?
gdpr	DobrÃ½ den, Jsou vÅ¡echny registraÄnÃ­ Ãºdaje povinnÃ©?
gdpr	DobrÃ½ den, Kdo mÅ¯Å¾e potvrdit souhlas s pouÅ¾itÃ­m osobnÃ­ch ÃºdajÅ¯?
gdpr	DobrÃ½ den, MusÃ­m potvrdit souhlas s pouÅ¾itÃ­m osobnÃ­ch ÃºdajÅ¯ jako rodiÄ?
gdpr	DobrÃ½ den, MusÃ­m potvrdit souhlas s pouÅ¾itÃ­m osobnÃ­ch ÃºdajÅ¯?
gdpr	formulÃ¡Å™ souhlas se zpracovÃ¡nÃ­ ÃºdajÅ¯
gdpr	Jak jako rodiÄ mÅ¯Å¾u potvrdit souhlas s pouÅ¾itÃ­m osobnÃ­ch ÃºdajÅ¯?
gdpr	Jak mÅ¯Å¾u potvrdit registraci svÃ©ho dÃ­tÄ›te?
gdpr	Jak mÅ¯Å¾u potvrdit registraci?
gdpr	Jak mÅ¯Å¾u souhlasit s pouÅ¾itÃ­m dat dÃ­tÄ›te?
gdpr	Jak potvrdÃ­m souhlas s pouÅ¾itÃ­m osobnÃ­ch ÃºdajÅ¯ mÃ©ho dÃ­tÄ›te?
gdpr	Jak potvrdÃ­m souhlas s pouÅ¾itÃ­m osobnÃ­ch ÃºdajÅ¯?
gdpr	Jak rodiÄ potvrdÃ­ registraci?
gdpr	Je povinnÃ½ souhlas zÃ¡konnÃ©ho zÃ¡stupce s registracÃ­?
gdpr	Jsou vÅ¡echny registraÄnÃ­ Ãºdaje povinnÃ©?
gdpr	Kde potvrdÃ­m souhlas s pouÅ¾itÃ­m osobnÃ­ch ÃºdajÅ¯?
gdpr	Kdo mÅ¯Å¾e potvrdit souhlas s pouÅ¾itÃ­m osobnÃ­ch ÃºdajÅ¯?
gdpr	MusÃ­m potvrdit souhlas s pouÅ¾itÃ­m osobnÃ­ch ÃºdajÅ¯ jako rodiÄ?
gdpr	MusÃ­m potvrdit souhlas s pouÅ¾itÃ­m osobnÃ­ch ÃºdajÅ¯?
gdpr	OsobnÃ­ Ãºdaje
k_a	ÄtvrtÃ¡ tÅ™Ã­da
k_a	DobrÃ½ den, ÄtvrtÃ¡ tÅ™Ã­da
k_a	DobrÃ½ den, ChodÃ­ do 3
k_a	DobrÃ½ den, ChodÃ­ do 3. tÅ™Ã­dy
k_a	DobrÃ½ den, ChodÃ­ do 3A
k_a	DobrÃ½ den, ChodÃ­ do 3B
k_a	DobrÃ½ den, ChodÃ­ do 3C
k_a	DobrÃ½ den, ChodÃ­ do 4
k_a	DobrÃ½ den, ChodÃ­ do 4. tÅ™Ã­dy
k_a	DobrÃ½ den, ChodÃ­ do 4A
k_a	DobrÃ½ den, ChodÃ­ do 4B
k_a	DobrÃ½ den, ChodÃ­ do 4C
k_a	DobrÃ½ den, ChodÃ­ do 5
k_a	DobrÃ½ den, ChodÃ­ do 5. tÅ™Ã­dy
k_a	DobrÃ½ den, ChodÃ­ do 5A
k_a	DobrÃ½ den, ChodÃ­ do 5B
k_a	DobrÃ½ den, ChodÃ­ do 5C
k_a	DobrÃ½ den, Jak dlouho trvÃ¡ zÃ¡kladnÃ­ kolo pro kategorii A?
k_a	DobrÃ½ den, Je zÃ¡kladnÃ­ kolo pro kategorii A online?
k_a	DobrÃ½ den, Jsme v 3
k_a	DobrÃ½ den, Jsme v 3. tÅ™Ã­dÄ›
k_a	DobrÃ½ den, Jsme v 3A
k_a	DobrÃ½ den, Jsme v 3B
k_a	DobrÃ½ den, Jsme v 3C
k_a	DobrÃ½ den, Jsme v 4
k_a	DobrÃ½ den, Jsme v 4. tÅ™Ã­dÄ›
k_a	DobrÃ½ den, Jsme v 4A
k_a	DobrÃ½ den, Jsme v 4B
k_a	DobrÃ½ den, Jsme v 4C
k_a	DobrÃ½ den, Jsme v 5
k_a	DobrÃ½ den, Jsme v 5. tÅ™Ã­dÄ›
k_a	DobrÃ½ den, Jsme v 5A
k_a	DobrÃ½ den, Jsme v 5B
k_a	DobrÃ½ den, Jsme v 5C
k_a	DobrÃ½ den, Kdy bude zÃ¡kladnÃ­ kolo pro kategorii A?
k_a	DobrÃ½ den, pÃ¡tÃ¡ tÅ™Ã­da
k_a	DobrÃ½ den, tÅ™etÃ­ tÅ™Ã­da
k_a	DobrÃ½ den. ProsÃ­m vÃ¡s, kdy a jak vyplnit prvnÃ­ test pro kategorii A?
k_a	HledÃ¡m kategorii pro 5. tÅ™Ã­du. DÄ›kuji
k_a	ChodÃ­ do 3
k_a	ChodÃ­ do 3. tÅ™Ã­dy
k_a	ChodÃ­ do 3A
k_a	ChodÃ­ do 3B
k_a	ChodÃ­ do 3C
k_a	ChodÃ­ do 4
k_a	ChodÃ­ do 4. tÅ™Ã­dy
k_a	ChodÃ­ do 4A
k_a	ChodÃ­ do 4B
k_a	ChodÃ­ do 4C
k_a	ChodÃ­ do 5
k_a	ChodÃ­ do 5. tÅ™Ã­dy
k_a	ChodÃ­ do 5A
k_a	ChodÃ­ do 5B
k_a	ChodÃ­ do 5C
k_a	Jak dlouho trvÃ¡ zÃ¡kladnÃ­ kolo pro kategorii A?
k_a	jak mÃ¡m vybrat tu sprÃ¡vnou kategorii
k_a	je mi 7
k_a	je mi 8
k_a	je mi 9
k_a	Je zÃ¡kladnÃ­ kolo pro kategorii A online?
k_a	Jsme v 3
k_a	Jsme v 3. tÅ™Ã­dÄ›
k_a	Jsme v 3A
k_a	Jsme v 3B
k_a	Jsme v 3C
k_a	Jsme v 4
k_a	Jsme v 4. tÅ™Ã­dÄ›
k_a	Jsme v 4A
k_a	Jsme v 4B
k_a	Jsme v 4C
k_a	Jsme v 5
k_a	Jsme v 5. tÅ™Ã­dÄ›
k_a	Jsme v 5A
k_a	Jsme v 5B
k_a	Jsme v 5C
k_a	kategorie 5.a.
k_a	kdy bude kategorie a
k_a	Kdy bude zÃ¡kladnÃ­ kolo pro kategorii A?
k_a	kdy zaÄinÃ¡ kolo pro 3.tÅ™Ã­du?
k_a	kdy zaÄÃ­nÃ¡ kolo pro 3.tÅ™Ã­du?
k_a	kdy zaÄinÃ¡ kolo pro 4.tÅ™Ã­du?
k_a	kdy zaÄÃ­nÃ¡ kolo pro 4.tÅ™Ã­du?
k_a	kdy zaÄinÃ¡ kolo pro 5.tÅ™Ã­du?
k_a	kdy zaÄÃ­nÃ¡ kolo pro 5.tÅ™Ã­du?
k_a	pÃ¡tÃ¡ tÅ™Ã­da
k_a	tÅ™etÃ­ tÅ™Ã­da
k_a1	Co vyberu pro prvÅˆÃ¡ka?
k_a1	Do kterÃ© kategorie spadÃ¡ prvÅˆÃ¡Äek?
k_a1	DobrÃ½ den, Co vyberu pro prvÅˆÃ¡ka?
k_a1	dobrÃ½ den, dalÅ¡Ã­ kolo pro kategorii dÄ›tÃ­ 1. roÄnÃ­ku zÅ¡ uÅ¾ nenÃ­?
k_a1	DobrÃ½ den, Do kterÃ© kategorie spadÃ¡ prvÅˆÃ¡Äek?
k_a1	DobrÃ½ den, ChodÃ­ do 1A
k_a1	DobrÃ½ den, ChodÃ­ do 1B
k_a1	DobrÃ½ den, ChodÃ­ do 1C
k_a1	DobrÃ½ den, Jak dlouho trvÃ¡ zÃ¡kladnÃ­ kolo pro kategorii A1?
k_a1	DobrÃ½ den, Jakou kategorii mÃ¡ prvÅˆÃ¡k
k_a1	DobrÃ½ den, Jakou kategorii mÃ¡m vybrat pro prvÅˆÃ¡ka?
k_a1	DobrÃ½ den, Je zÃ¡kladnÃ­ kolo pro kategorii A1 online?
k_a1	DobrÃ½ den, Jsme v 1A
k_a1	DobrÃ½ den, Jsme v 1B
k_a1	DobrÃ½ den, Jsme v 1C
k_a1	DobrÃ½ den, Kdy bude zÃ¡kladnÃ­ kolo pro kategorii A1?
k_a1	DobrÃ½ den, Kdy se bude konat zÃ¡kladnÃ­ kolo pro kategorii A1?
k_a1	DobrÃ½ den, Pro koho je urÄenÃ¡ kategorie A1?
k_a1	DobrÃ½ den, tÅ™Ã­da 1A
k_a1	DobrÃ½ den, tÅ™Ã­da 1B
k_a1	DobrÃ½ den, tÅ™Ã­da 1C
k_a1	DobrÃ½ den, zabÃ½vÃ¡m se problematikou s pÅ™Ã­kladem 1+1
k_a1	DobrÃ½ den. ProsÃ­m vÃ¡s, kdy a jak vyplnit prvnÃ­ test pro kategorii A1?
k_a1	ChodÃ­ do 1A
k_a1	ChodÃ­ do 1B
k_a1	ChodÃ­ do 1C
k_a1	Jak dlouho trvÃ¡ zÃ¡kladnÃ­ kolo pro kategorii A1?
k_a1	Jakou kategorii mÃ¡ prvÅˆÃ¡k
k_a1	Jakou kategorii mÃ¡m vybrat pro prvÅˆÃ¡ka?
k_a1	Je zÃ¡kladnÃ­ kolo pro kategorii A1 online?
k_a1	Jsme v 1A
k_a1	Jsme v 1B
k_a1	Jsme v 1C
k_a1	kdy bude kategorie a1
k_a1	Kdy bude zÃ¡kladnÃ­ kolo pro kategorii A1?
k_a1	Kdy se bude konat zÃ¡kladnÃ­ kolo pro kategorii A1?
k_a1	Kdy se konÃ¡ kolo pro 1.tÅ™Ã­du?
k_a1	kdy zaÄinÃ¡ kolo pro 1.tÅ™Ã­du?
k_a1	kdy zaÄÃ­nÃ¡ kolo pro 1.tÅ™Ã­du?
k_a1	mÃ¡m dÃ­tÄ› v prvnÃ­ tÅ™Ã­dÄ›
k_a1	Pro koho je urÄenÃ¡ kategorie A1?
k_a1	tÅ™Ã­da 1A
k_a1	tÅ™Ã­da 1B
k_a1	tÅ™Ã­da 1C
k_a2	Co vyberu pro Å¾Ã¡ka druhÃ© tÅ™Ã­dy?
k_a2	Do kterÃ© kategorie spadÃ¡ Å¾Ã¡k druhÃ© tÅ™Ã­dy
k_a2	DobrÃ½ den, Co vyberu pro Å¾Ã¡ka druhÃ© tÅ™Ã­dy?
k_a2	DobrÃ½ den, Do kterÃ© kategorie spadÃ¡ Å¾Ã¡k druhÃ© tÅ™Ã­dy
k_a2	DobrÃ½ den, druhÃ¡ tÅ™Ã­da
k_a2	DobrÃ½ den, ChodÃ­ do 2A
k_a2	DobrÃ½ den, ChodÃ­ do 2B
k_a2	DobrÃ½ den, ChodÃ­ do 2C
k_a2	DobrÃ½ den, Jak dlouho trvÃ¡ zÃ¡kladnÃ­ kolo pro kategorii A2?
k_a2	DobrÃ½ den, Jakou kategorii mÃ¡ Å¾Ã¡k druhÃ© tÅ™Ã­dy
k_a2	DobrÃ½ den, Jakou kategorii mÃ¡m vybrat pro Å¾Ã¡ka druhÃ© tÅ™Ã­dy?
k_a2	DobrÃ½ den, Je zÃ¡kladnÃ­ kolo pro kategorii A2 online?
k_a2	DobrÃ½ den, Jsme v 2A
k_a2	DobrÃ½ den, Jsme v 2B
k_a2	DobrÃ½ den, Jsme v 2C
k_a2	DobrÃ½ den, Kdy bude zÃ¡kladnÃ­ kolo pro kategorii A2?
k_a2	DobrÃ½ den, Pro koho je urÄenÃ¡ kategorie A2?
k_a2	DobrÃ½ den, tÅ™Ã­da 2A
k_a2	DobrÃ½ den, tÅ™Ã­da 2B
k_a2	DobrÃ½ den, tÅ™Ã­da 2C
k_a2	DobrÃ½ den. ProsÃ­m vÃ¡s, kdy a jak vyplnit prvnÃ­ test pro kategorii A2?
k_a2	druhÃ¡ tÅ™Ã­da
k_a2	ChodÃ­ do 2A
k_a2	ChodÃ­ do 2B
k_a2	ChodÃ­ do 2C
k_a2	Jak dlouho trvÃ¡ zÃ¡kladnÃ­ kolo pro kategorii A2?
k_a2	Jakou kategorii mÃ¡ Å¾Ã¡k druhÃ© tÅ™Ã­dy
k_a2	Jakou kategorii mÃ¡m vybrat pro Å¾Ã¡ka druhÃ© tÅ™Ã­dy?
k_a2	Je zÃ¡kladnÃ­ kolo pro kategorii A2 online?
k_a2	Jsme v 2A
k_a2	Jsme v 2B
k_a2	Jsme v 2C
k_a2	kdy bude kategorie a2
k_a2	Kdy bude zÃ¡kladnÃ­ kolo pro kategorii A2?
k_a2	kdy budou vÃ½sledky kategorie A2?
k_a2	Kdy se konÃ¡ kolo pro 2.tÅ™Ã­du?
k_a2	kdy zaÄinÃ¡ kolo pro 2.tÅ™Ã­du?
k_a2	kdy zaÄÃ­nÃ¡ kolo pro 2.tÅ™Ã­du?
k_a2	Pro koho je urÄenÃ¡ kategorie A2?
k_a2	tÅ™Ã­da 2A
k_a2	tÅ™Ã­da 2B
k_a2	tÅ™Ã­da 2C
k_a2	VÃ½bÄ›r kategorie - A2
k_b	6. tÅ™Ã­da
k_b	7. tÅ™Ã­da
k_b	8. tÅ™Ã­da
k_b	9. tÅ™Ã­da
k_b	devÃ¡tÃ¡ tÅ™Ã­da
k_b	do kdy majÃ­ zÃ¡kladnÃ­ kolo Å™eÅ¡it 2 stupeÅˆ ZÅ 
k_b	DobrÃ½ den, 6. tÅ™Ã­da
k_b	DobrÃ½ den, 7. tÅ™Ã­da
k_b	DobrÃ½ den, 8. tÅ™Ã­da
k_b	DobrÃ½ den, 9. tÅ™Ã­da
k_b	DobrÃ½ den, devÃ¡tÃ¡ tÅ™Ã­da
k_b	DobrÃ½ den, druhÃ½ stupeÅˆ zÃ¡kladnÃ­ Å¡koly
k_b	DobrÃ½ den, ChodÃ­m do devÃ¡tÃ© tÅ™Ã­dy
k_b	DobrÃ½ den, ChodÃ­m do osmÃ© tÅ™Ã­dy
k_b	DobrÃ½ den, ChodÃ­m do sedmÃ© tÅ™Ã­dy
k_b	DobrÃ½ den, ChodÃ­m do Å¡estÃ© tÅ™Ã­dy
k_b	DobrÃ½ den, Jak dlouho trvÃ¡ zÃ¡kladnÃ­ kolo pro kategorii B?
k_b	DobrÃ½ den, Je zÃ¡kladnÃ­ kolo pro kategorii B online?
k_b	DobrÃ½ den, Kdy bude zÃ¡kladnÃ­ kolo pro kategorii B?
k_b	DobrÃ½ den, Kvarta na na 8letÃ©m gymnÃ¡ziu
k_b	DobrÃ½ den, osmÃ¡ tÅ™Ã­da
k_b	DobrÃ½ den, Prima na 6letÃ©m gymnÃ¡ziu
k_b	DobrÃ½ den, Prima na 8letÃ©m gymnÃ¡ziu
k_b	DobrÃ½ den, rÃ¡da bych pÅ™ihlÃ¡sila jedenÃ¡ctiletou dcerku, ale je v domÃ¡cÃ­m vzdÄ›lÃ¡vÃ¡nÃ­m, i kdyÅ¾ do komunitnÃ­ Å¡koly chodÃ­.
k_b	DobrÃ½ den, rÃ¡da bych pÅ™ihlÃ¡sila jedenÃ¡ctiletou dcerku.
k_b	DobrÃ½ den, sedmÃ¡ tÅ™Ã­da
k_b	DobrÃ½ den, Sekunda na 6letÃ©m gymnÃ¡ziu
k_b	DobrÃ½ den, Sekunda na 8letÃ©m gymnÃ¡ziu
k_b	DobrÃ½ den, Å¡estÃ¡ tÅ™Ã­da
k_b	DobrÃ½ den, Tercie na 8letÃ©m gymnÃ¡ziu
k_b	DobrÃ½ den,je olympiÃ¡da povinnÃ¡ pro Å¾Ã¡ky zÃ¡kladnÃ­ Å¡koly,konkrÃ©tnÄ› 2.stupeÅˆ?
k_b	druhÃ½ stupeÅˆ zÃ¡kladnÃ­ Å¡koly
k_b	HezkÃ½ den, kdy bude psÃ¡t LO kategorie zahrnujÃ­cÃ­ 2.roÄnÃ­k ZÅ ?
k_b	ChodÃ­m do devÃ¡tÃ© tÅ™Ã­dy
k_b	ChodÃ­m do osmÃ© tÅ™Ã­dy
k_b	ChodÃ­m do sedmÃ© tÅ™Ã­dy
k_b	ChodÃ­m do Å¡estÃ© tÅ™Ã­dy
k_b	Jak dlouho trvÃ¡ zÃ¡kladnÃ­ kolo pro kategorii B?
k_b	je mi 15
k_b	Je zÃ¡kladnÃ­ kolo pro kategorii B online?
k_b	jsem na vÃ­celetÃ©m GymnÃ¡ziu v kvartÄ›
k_b	kategorie logickÃ© olympiÃ¡dy skupna B
k_b	kdy a jak vyplnit prvnÃ­ test pro kategorii B?
k_b	kdy bude kategorie b
k_b	Kdy bude zÃ¡kladnÃ­ kolo pro kategorii B?
k_b	Kdy konÄÃ­ kategorie B
k_b	kdy zaÄÃ­nÃ¡ kolo pro 6.tÅ™Ã­du?
k_b	kdy zaÄÃ­nÃ¡ kolo pro 7.tÅ™Ã­du?
k_b	kdy zaÄÃ­nÃ¡ kolo pro 8.tÅ™Ã­du?
k_b	kdy zaÄÃ­nÃ¡ kolo pro 9.tÅ™Ã­du?
k_b	KdyÅ¾ jsem na vÃ­celetÃ©m GymnÃ¡ziu v kvartÄ› jsem kategorie B nebo C? dÄ›kuju
k_b	Kvarta na na 8letÃ©m gymnÃ¡ziu
k_b	osmÃ¡ tÅ™Ã­da
k_b	Prima na 6letÃ©m gymnÃ¡ziu
k_b	Prima na 8letÃ©m gymnÃ¡ziu
k_b	sedmÃ¡ tÅ™Ã­da
k_b	Sekunda na 6letÃ©m gymnÃ¡ziu
k_b	Sekunda na 8letÃ©m gymnÃ¡ziu
k_b	Å¡estÃ¡ tÅ™Ã­da
k_b	Tercie na 8letÃ©m gymnÃ¡ziu
k_b	V kolik hodin konÄÃ­ kategorie B
k_b	VÃ½bÄ›r kategorie - B
k_c	ÄtvrÅ¥Ã¡k na stÅ™ednÃ­
k_c	ÄtvrtÃ½ roÄnÃ­k na stÅ™ednÃ­ Å¡kole
k_c	DobrÃ½ den, ÄtvrÅ¥Ã¡k na stÅ™ednÃ­
k_c	DobrÃ½ den, ÄtvrtÃ½ roÄnÃ­k na stÅ™ednÃ­ Å¡kole
k_c	DobrÃ½ den, do kolika hodin je moÅ¾nÃ© vyplnit kategorii C?
k_c	DobrÃ½ den, druhÃ¡k na stÅ™ednÃ­
k_c	DobrÃ½ den, druhÃ½ roÄnÃ­k na stÅ™ednÃ­ Å¡kole
k_c	DobrÃ½ den, Jak dlouho trvÃ¡ zÃ¡kladnÃ­ kolo pro kategorii C?
k_c	DobrÃ½ den, Je zÃ¡kladnÃ­ kolo pro kategorii C online?
k_c	DobrÃ½ den, Kdy bude zÃ¡kladnÃ­ kolo pro kategorii C?
k_c	DobrÃ½ den, Kvarta na 4letÃ©m gymnÃ¡ziu
k_c	DobrÃ½ den, Kvarta na 6letÃ©m gymnÃ¡ziu
k_c	DobrÃ½ den, kvinta
k_c	DobrÃ½ den, oktÃ¡va
k_c	DobrÃ½ den, Prima na 4letÃ©m gymnÃ¡ziu
k_c	DobrÃ½ den, prvÃ¡k na stÅ™ednÃ­
k_c	DobrÃ½ den, prvnÃ­ roÄnÃ­k na stÅ™ednÃ­ Å¡kole
k_c	DobrÃ½ den, Sekunda na 4letÃ©m gymnÃ¡ziu
k_c	DobrÃ½ den, septima
k_c	DobrÃ½ den, sexta
k_c	DobrÃ½ den, StÅ™ednÃ­ Å¡kola
k_c	DobrÃ½ den, Tercie na 4letÃ©m gymnÃ¡ziu
k_c	DobrÃ½ den, Tercie na 6letÃ©m gymnÃ¡ziu
k_c	DobrÃ½ den, tÅ™eÅ¥Ã¡k na stÅ™ednÃ­
k_c	DobrÃ½ den, tÅ™etÃ­ roÄnÃ­k na stÅ™ednÃ­ Å¡kole
k_c	druhÃ¡k na stÅ™ednÃ­
k_c	druhÃ½ roÄnÃ­k na stÅ™ednÃ­ Å¡kole
k_c	JÃ¡ patÅ™Ã­m do kategorie C
k_c	Jak dlouho trvÃ¡ zÃ¡kladnÃ­ kolo pro kategorii C?
k_c	Jak pÅ™ihlÃ¡sit stÅ™ednÃ­ Å¡kolu
k_c	Je mi vÃ­c neÅ¾ 15 let takÅ¾e potvrzenÃ­ nepotÅ™ebuji
k_c	Je zÃ¡kladnÃ­ kolo pro kategorii C online?
k_c	Kde jsou stÅ™edoÅ¡kolÃ¡ci?
k_c	Kde jsou testy LogickÃ© olympiÃ¡dy pro stÅ™edoÅ¡kolskÃ¡ky?
k_c	Kdy a jak vyplnit prvnÃ­ test pro kategorii C?
k_c	kdy bude kategorie C
k_c	Kdy bude zÃ¡kladnÃ­ kolo pro kategorii C?
k_c	Kvarta na 4letÃ©m gymnÃ¡ziu
k_c	Kvarta na 6letÃ©m gymnÃ¡ziu
k_c	kvinta
k_c	logickÃ¡ olympiÃ¡da pro vyÅ¡Å¡Ã­ roÄnÃ­ky sÅ¡
k_c	Mohu se zÃºÄastnit ze stÅ™ednÃ­?
k_c	MÅ¯Å¾u se zÅ¯Äastnit z SPÅ ?
k_c	oktÃ¡va
k_c	Prima na 4letÃ©m gymnÃ¡ziu
k_c	prvÃ¡k na stÅ™ednÃ­
k_c	prvnÃ­ roÄnÃ­k na stÅ™ednÃ­ Å¡kole
k_c	Sekunda na 4letÃ©m gymnÃ¡ziu
k_c	septima
k_c	sexta
k_c	StÅ™ednÃ­ Å¡kola
k_c	Tercie na 4letÃ©m gymnÃ¡ziu
k_c	Tercie na 6letÃ©m gymnÃ¡ziu
k_c	tÅ™eÅ¥Ã¡k na stÅ™ednÃ­
k_c	tÅ™etÃ­ roÄnÃ­k na stÅ™ednÃ­ Å¡kole
k_c	VÃ½bÄ›r kategorie - C
k_d	DÃ¡lkovÃ© studium
k_d	DobrÃ½ den, DÃ¡lkovÃ© studium
k_d	DobrÃ½ den, Je soutÄ›Å¾ i pro studenty dÃ¡lkovÃ©ho studia?
k_d	DobrÃ½ den, Je soutÄ›Å¾ urÄenÃ¡ i pro studenty dÃ¡lkovÃ©ho studia?
k_d	DobrÃ½ den, MÃ¡m dÃ¡lkovÃ© studium
k_d	DobrÃ½ den, Mohu pÅ™ihlÃ¡sit studenta dÃ¡lkovÃ©ho studia?
k_d	DobrÃ½ den, MÅ¯Å¾u jako dÃ¡lkaÅ™ soutÄ›Å¾it?
k_d	DobrÃ½ den, MÅ¯Å¾u pÅ™ihlÃ¡sit studenta dÃ¡lkaÅ™e?
k_d	DobrÃ½ den, MÅ¯Å¾u pÅ™ihlÃ¡sit studenta dÃ¡lkovÃ©ho studia?
k_d	DobrÃ½ den, MÅ¯Å¾u se pÅ™ihlÃ¡sit kdyÅ¾ studuji dÃ¡lkovÃ© studium?
k_d	DobrÃ½ den, MÅ¯Å¾u se zÃºÄastnit jako dÃ¡lkaÅ™?
k_d	DobrÃ½ den, MÅ¯Å¾u se zÃºÄastnit pokud studuji dÃ¡lkovÄ›?
k_d	DobrÃ½ den, MÅ¯Å¾u soutÄ›Å¾it jako student dÃ¡lkovÃ©ho studia?
k_d	DobrÃ½ den, SoutÄ›Å¾Ã­ i dÃ¡lkaÅ™i?
k_d	DobrÃ½ den, Studuji dÃ¡lkovÄ›
k_d	DobrÃ½ den, Studuji dÃ¡lkovÄ›, mÅ¯Å¾u soutÄ›Å¾it?
k_d	Je soutÄ›Å¾ i pro studenty dÃ¡lkovÃ©ho studia?
k_d	Je soutÄ›Å¾ urÄenÃ¡ i pro studenty dÃ¡lkovÃ©ho studia?
k_d	kdy a jak vyplnit prvnÃ­ test pro kategorii D?
k_d	MÃ¡m dÃ¡lkovÃ© studium
k_d	Mohu pÅ™ihlÃ¡sit studenta dÃ¡lkovÃ©ho studia?
k_d	MÅ¯Å¾u jako dÃ¡lkaÅ™ soutÄ›Å¾it?
k_d	MÅ¯Å¾u pÅ™ihlÃ¡sit studenta dÃ¡lkaÅ™e?
k_d	MÅ¯Å¾u pÅ™ihlÃ¡sit studenta dÃ¡lkovÃ©ho studia?
k_d	MÅ¯Å¾u se pÅ™ihlÃ¡sit kdyÅ¾ studuji dÃ¡lkovÃ© studium?
k_d	MÅ¯Å¾u se zÃºÄastnit jako dÃ¡lkaÅ™?
k_d	MÅ¯Å¾u se zÃºÄastnit pokud studuji dÃ¡lkovÄ›?
k_d	MÅ¯Å¾u soutÄ›Å¾it jako student dÃ¡lkovÃ©ho studia?
k_d	SoutÄ›Å¾Ã­ i dÃ¡lkaÅ™i?
k_d	Studuji dÃ¡lkovÄ›
k_d	Studuji dÃ¡lkovÄ›, mÅ¯Å¾u soutÄ›Å¾it?
k_ms	Co kdyÅ¾ je dÃ­tÄ› v mateÅ™skÃ© Å¡kole?
k_ms	Co kdyÅ¾ je dÃ­tÄ› ve Å¡kolce?
k_ms	Co vyberu pro dÃ­tÄ› v mateÅ¡kÃ© Å¡kole?
k_ms	Dcera je v mateÅ™skÃ© Å¡kolce.
k_ms	Dcera je v mateÅ™skÃ© Å¡kole.
k_ms	Dcera jeÅ¡tÄ› nechodÃ­ do Å¡kolky
k_ms	Dcera nechodÃ­ do mateÅ™skÃ© Å¡koly
k_ms	Dcera nechodÃ­ do MÅ 
k_ms	Dcera nechodÃ­ jeÅ¡tÄ› do Å¡koly
k_ms	Dcera nenÃ­ v MÅ 
k_ms	Dcera nenÃ­ ve Å¡kolce.
k_ms	DobrÃ½ den co mÃ¡m dÄ›lat pokud bych chtÄ›la registrovat syna, kterÃ½ chodÃ­ do MÅ  a ta nenÃ­ registrovanÃ¡ v logickÃ© olympiÃ¡dÄ›. Dekuji
k_ms	DobrÃ½ den, Co kdyÅ¾ je dÃ­tÄ› v mateÅ™skÃ© Å¡kole?
k_ms	DobrÃ½ den, Co kdyÅ¾ je dÃ­tÄ› ve Å¡kolce?
k_ms	DobrÃ½ den, Co vyberu pro dÃ­tÄ› v mateÅ¡kÃ© Å¡kole?
k_ms	DobrÃ½ den, Dcera je v mateÅ™skÃ© Å¡kolce.
k_ms	DobrÃ½ den, Dcera je v mateÅ™skÃ© Å¡kole.
k_ms	DobrÃ½ den, Dcera jeÅ¡tÄ› nechodÃ­ do Å¡kolky
k_ms	DobrÃ½ den, Dcera nechodÃ­ do mateÅ™skÃ© Å¡koly
k_ms	DobrÃ½ den, Dcera nechodÃ­ do MÅ 
k_ms	DobrÃ½ den, Dcera nechodÃ­ jeÅ¡tÄ› do Å¡koly
k_ms	DobrÃ½ den, Dcera nenÃ­ v MÅ 
k_ms	DobrÃ½ den, Dcera nenÃ­ ve Å¡kolce.
k_ms	DobrÃ½ den, chtÄ›la bych se zeptat, zda mohu jeÅ¡tÄ› dÃ­tÄ› starÃ© 6 let chodÃ­ci do MÅ  pÅ™ihlÃ¡sit na OlympiÃ¡du.
k_ms	DobrÃ½ den, Jakou kategorii mÃ¡m vybrat pro dcerku, kterÃ¡ nechodÃ­ do Å¡kolky.
k_ms	DobrÃ½ den, Jakou kategorii mÃ¡m vybrat pro dceru v mateÅ™skÃ© Å¡kole?
k_ms	DobrÃ½ den, Jakou kategorii mÃ¡m vybrat pro dÃ­tÄ› v mateÅ™skÃ© Å¡kole?
k_ms	DobrÃ½ den, Jakou kategorii mÃ¡m vybrat pro MÅ ?
k_ms	DobrÃ½ den, Jakou kategorii mÃ¡m vybrat pro syna v mateÅ™skÃ© Å¡kole?
k_ms	DobrÃ½ den, Kam patÅ™Ã­ dÃ­tÄ› z mateÅ™skÃ© Å¡koly?
k_ms	DobrÃ½ den, Kdy bude zÃ¡kladnÃ­ kolo pro kategorii MÅ ?
k_ms	DobrÃ½ den, Moje dcera nechodÃ­ do Å¡kolky
k_ms	DobrÃ½ den, Moje dÃ­tÄ› nechodÃ­ do Å¡kolky.
k_ms	DobrÃ½ den, Moje dÃ­tÄ› nenÃ­ ve Å¡kolce.
k_ms	DobrÃ½ den, MÅ¯j syn nenÃ­ ve Å¡kolce
k_ms	DobrÃ½ den, Syn je v mateÅ™skÃ© Å¡kolce.
k_ms	DobrÃ½ den, Syn je v mateÅ™skÃ© Å¡kole.
k_ms	DobrÃ½ den, Syn nechodÃ­ do mateÅ™skÃ© Å¡koly
k_ms	DobrÃ½ den, Syn nechodÃ­ do MÅ 
k_ms	DobrÃ½ den, Syn nechodÃ­ do Å¡kolky
k_ms	DobrÃ½ den, Syn nechodÃ­ jeÅ¡tÄ› do Å¡koly
k_ms	DobrÃ½ den, Syn nenÃ­ v MÅ 
k_ms	DobrÃ½ den, Syn nenÃ­ ve Å¡kolce.
k_ms	Jakou kategorii mÃ¡m vybrat pro dcerku, kterÃ¡ nechodÃ­ do Å¡kolky.
k_ms	Jakou kategorii mÃ¡m vybrat pro dceru v mateÅ™skÃ© Å¡kole?
k_ms	Jakou kategorii mÃ¡m vybrat pro dÃ­tÄ› v mateÅ™skÃ© Å¡kole?
k_ms	Jakou kategorii mÃ¡m vybrat pro MÅ ?
k_ms	Jakou kategorii mÃ¡m vybrat pro syna v mateÅ™skÃ© Å¡kole?
k_ms	Kam patÅ™Ã­ dÃ­tÄ› z mateÅ™skÃ© Å¡koly?
k_ms	Kdy bude zÃ¡kladnÃ­ kolo pro kategorii MÅ ?
k_ms	Moje dcera nechodÃ­ do Å¡kolky
k_ms	Moje dÃ­tÄ› nechodÃ­ do Å¡kolky.
k_ms	Moje dÃ­tÄ› nenÃ­ ve Å¡kolce.
k_ms	MÅ¯j syn nenÃ­ ve Å¡kolce
k_ms	Syn je v mateÅ™skÃ© Å¡kolce.
k_ms	Syn je v mateÅ™skÃ© Å¡kole.
k_ms	Syn nechodÃ­ do mateÅ™skÃ© Å¡koly
k_ms	Syn nechodÃ­ do MÅ 
k_ms	Syn nechodÃ­ do Å¡kolky
k_ms	Syn nechodÃ­ jeÅ¡tÄ› do Å¡koly
k_ms	Syn nenÃ­ v MÅ 
k_ms	Syn nenÃ­ ve Å¡kolce.
k_ms	VÃ½bÄ›r kategorie - MÅ 
k_z	Co kdyÅ¾ je student ze zahraniÄnÃ­ Å¡koly?
k_z	DobrÃ½ den, Co kdyÅ¾ je student ze zahraniÄnÃ­ Å¡koly?
k_z	DobrÃ½ den, Chci se zÃºÄastnit jako student ze zahraniÄnÃ­ Å¡koly
k_z	DobrÃ½ den, Je moÅ¾nÃ¡ ÃºÄast studenta ze zahraniÄnÃ­ Å¡koly?
k_z	DobrÃ½ den, Je moÅ¾nÃ¡ ÃºÄast Å¾Ã¡ka ze zahraniÄnÃ­ Å¡koly?
k_z	DobrÃ½ den, Je moÅ¾nÃ© aby se zÃºÄastnil student zahraniÄnÃ­ Å¡koly?
k_z	DobrÃ½ den, Jsem na zahraniÄnÃ­ Å¡kole
k_z	DobrÃ½ den, Lze zaregistrovat studenta ze zahraniÄnÃ­ Å¡koly?
k_z	DobrÃ½ den, MÅ¯Å¾u se zaregistrovat i s cizÃ­ Å¡koly?
k_z	DobrÃ½ den, MÅ¯Å¾u se zÃºÄastnit i kdyÅ¾ studuji na zahraniÄnÃ­ Å¡kole?
k_z	DobrÃ½ den, MÅ¯Å¾u se zÃºÄastnit jako student zahraniÄnÃ­ Å¡koly?
k_z	DobrÃ½ den, MÅ¯Å¾u se zÃºÄastnit soutÄ›Å¾e pokud moje Å¡kola nenÃ­ akreditovÃ¡na v ÄŒR?
k_z	DobrÃ½ den, MÅ¯Å¾u soutÄ›Å¾it i kdyÅ¾ jsem se zahraniÄnÃ­ Å¡koly?
k_z	DobrÃ½ den, MÅ¯Å¾u zaregistrovat studenta ze zahraniÄnÃ­ Å¡koly?
k_z	DobrÃ½ den, Studuji na zahraniÄnÃ­ Å¡kole
k_z	DobrÃ½ den, zahraniÄnÃ­ Å¡kola
k_z	Chci se zÃºÄastnit jako student ze zahraniÄnÃ­ Å¡koly
k_z	Je moÅ¾nÃ¡ ÃºÄast studenta ze zahraniÄnÃ­ Å¡koly?
k_z	Je moÅ¾nÃ¡ ÃºÄast Å¾Ã¡ka ze zahraniÄnÃ­ Å¡koly?
k_z	Je moÅ¾nÃ© aby se zÃºÄastnil student zahraniÄnÃ­ Å¡koly?
k_z	Jsem na zahraniÄnÃ­ Å¡kole
k_z	Lze zaregistrovat studenta ze zahraniÄnÃ­ Å¡koly?
k_z	MÅ¯Å¾u se zaregistrovat i s cizÃ­ Å¡koly?
k_z	MÅ¯Å¾u se zÃºÄastnit i kdyÅ¾ studuji na zahraniÄnÃ­ Å¡kole?
k_z	MÅ¯Å¾u se zÃºÄastnit jako student zahraniÄnÃ­ Å¡koly?
k_z	MÅ¯Å¾u se zÃºÄastnit soutÄ›Å¾e pokud moje Å¡kola nenÃ­ akreditovÃ¡na v ÄŒR?
k_z	MÅ¯Å¾u soutÄ›Å¾it i kdyÅ¾ jsem se zahraniÄnÃ­ Å¡koly?
k_z	MÅ¯Å¾u zaregistrovat studenta ze zahraniÄnÃ­ Å¡koly?
k_z	Studuji na zahraniÄnÃ­ Å¡kole
k_z	VÃ½bÄ›r kategorie - zahraniÄnÃ­ Å¡kola
k_z	zahraniÄnÃ­ Å¡kola
kk	Budou i dalÅ¡Ã­ kola logicke olympiady?
kk	DobrÃ½ den, dostala jsem e-mail, Å¾e jsem postoupila do krajskÃ©ho kola, ale nikde nemÅ¯Å¾u najÃ­t odkaz na to, kde to mÃ¡m potvrdit.
kk	DobrÃ½ den, dostala jsem e-mail, Å¾e jsem postoupila do krajskÃ©ho kola, co mÃ¡m udÄ›lat?
kk	DobrÃ½ den, chtÄ›la bych se zeptat kolik dÄ›tÃ­ v kaÅ¾dÃ©m okrese v kategorii C postupuje do krajskÃ©ho kola?
kk	DobrÃ½ den, Jak mÃ¡m odsouhlasit ÃºÄast v krajskÃ©m kole?
kk	DobrÃ½ den, Jak potvrdÃ­m ÃºÄast v krajskÃ©m kole?
kk	DobrÃ½ den, Jak se zaregistruji do krajskÃ©ho kola?
kk	DobrÃ½ den, Je nutnÃ© potvrdit ÃºÄast v krajskÃ©m kole?
kk	DobrÃ½ den, Kde potvrdÃ­m ÃºÄast v krajskÃ©m kole?
kk	DobrÃ½ den, Kdy bude krajskÃ© kolo?
kk	DobrÃ½ den, Kdy se bude konat krajskÃ© kolo?
kk	DobrÃ½ den, Kdy se konÃ¡ krajskÃ© kolo?
kk	DobrÃ½ den, Kolik lidÃ­ postoupÃ­ do krajskÃ©ho kola?
kk	DobrÃ½ den, Kolik lidÃ­ se dostane do krajskÃ©ho kola?
kk	DobrÃ½ den, Kolik postupuje soutÄ›Å¾Ã­cÃ­ch do krajskÃ©ho kola?
kk	DobrÃ½ den, MajÃ­ mÃ­t Å¾Ã¡ci, kteÅ™Ã­ postoupili do krajskÃ©ho kola, pÃ­semnÃ½ souhlas rodiÄÅ¯ se zpracovÃ¡nÃ­m osobnÃ­ch ÃºdajÅ¯
kk	DobrÃ½ den, MÃ¡m potvrdit ÃºÄast v krajskÃ©m kole?
kk	DobrÃ½ den, MusÃ­m nÄ›jak odsouhlasit ÃºÄast v krajskÃ©m kole?
kk	DobrÃ½ den, MusÃ­m odsouhlasit ÃºÄast v krajskÃ©m kole?
kk	Jak mÃ¡m odsouhlasit ÃºÄast v krajskÃ©m kole?
kk	Jak potvrdÃ­m ÃºÄast v krajskÃ©m kole?
kk	jak potvrdit ÃºÄast do krajskÃ©ho kola
kk	Jak se zaregistruji do krajskÃ©ho kola?
kk	jake jsou vyhry
kk	JakÃ© jsou vÃ½hry?
kk	Je nutnÃ© potvrdit ÃºÄast v krajskÃ©m kole?
kk	jsou krajskÃ¡ kola tÃ©Å¾ skrz online test?
kk	Kde potvrdÃ­m ÃºÄast v krajskÃ©m kole?
kk	Kdy a kde bude krajskÃ© kolo?
kk	Kdy bude krajskÃ© kolo?
kk	kdy bude prvni krajske kolo a kde
kk	Kdy je dalÅ¡Ã­ kolo?
kk	Kdy je krajskÃ© kolo KarlovarskÃ©ho kraje?
kk	Kdy se bude konat krajskÃ© kolo?
kk	Kdy se konÃ¡ krajskÃ© kolo?
kk	KdyÅ¾ teÄ vyhraju, co bude dÃ¡l?
kk	Kolik lidÃ­ postoupÃ­ do krajskÃ©ho kola?
kk	Kolik lidÃ­ se dostane do krajskÃ©ho kola?
kk	Kolik postupuje soutÄ›Å¾Ã­cÃ­ch do krajskÃ©ho kola?
kk	KrajskÃ© kolo?
kk	MajÃ­ mÃ­t Å¾Ã¡ci, kteÅ™Ã­ postoupili do krajskÃ©ho kola, pÃ­semnÃ½ souhlas rodiÄÅ¯ se zpracovÃ¡nÃ­m osobnÃ­ch ÃºdajÅ¯
kk	MÃ¡m potvrdit ÃºÄast v krajskÃ©m kole?
kk	MusÃ­m nÄ›jak odsouhlasit ÃºÄast v krajskÃ©m kole?
kk	MusÃ­m odsouhlasit ÃºÄast v krajskÃ©m kole?
log	ahoj jak se ten test spouÅ¡tÃ­
log	ale ja potÅ™ebuji delat tu olympiadu
log	ano ale kam mam heslo napsat
log	ano je registrovan
log	Co s nefunkÄnÃ­m heslem?
log	Do jakÃ©ho dne se mÃ¡ vyplnit olympiÃ¡da?
log	Do kdy se majÃ­ Ãºlohy vyplnit
log	DobrÃ­ den napsala jsem uÅ¾ e-mail a heslo ale ono to poÅ™Ã¡d nejde
log	DobrÃ½ de,nejde mi se pÅ™ihlÃ¡sit.
log	DobrÃ½ den kde se mÅ¯Å¾u pÅ™ihlÃ¡st do soutÄ›Å¾e
log	DobrÃ½ den mÅ¯Å¾u se zeptat kde mÅ¯Å¾u najit vstup do online kola ???
log	DobrÃ½ den, Co s nefunkÄnÃ­m heslem?
log	dobrÃ½ den, dÄ›ti jsem zaregistrovala. ZkouÅ¡ela jsem vstup do soutÄ›Å¾e,ale nenÃ­ to asi jeÅ¡tÄ› aktivnÃ­?
log	DobrÃ½ den, Heslo, kterÃ© jste mi zaslali je nejspÃ­Å¡e chybnÃ©. Nemohu se pÅ™ihlÃ¡sit.
log	DobrÃ½ den, hledÃ¡m, kde spustit online test
log	dobrÃ½ den, hledÃ¡m, kde vyplnit s dcerou test
log	DobrÃ½ den, Jak se mÃ¡m pÅ™ihlÃ¡sit?
log	DobrÃ½ den, Jsme zaregistrovanÃ­ na olympiÃ¡du, ale nevÃ­me jak dÃ¡l postupovat.
log	DobrÃ½ den, Kde mÅ¯Å¾u obnovit heslo?
log	DobrÃ½ den, kde se mÃ¡m pÅ™ihlÃ¡sit, uÅ¾ jsem registrovanÃ¡ a mÃ¡m email.
log	DobrÃ½ den, mÃ¡m jenom dotaz ohlednÄ› pÅ™ihlÃ¡Å¡enÃ­. Jsem v kategorii C a nejde se mi pÅ™ihlÃ¡sit. Ãšdaje jsem jiÅ¾ kontroloval ale poÅ™Ã¡d hlÃ¡sÃ­ chybnÄ› zadanÃ© Ãºdaje
log	DobrÃ½ den, MÅ¯Å¾u si zmÄ›nit heslo?
log	DobrÃ½ den, NedaÅ™Ã­ se mi pomocÃ­ zaslanÃ©ho hesla se do soutÄ›Å¾e pÅ™ihlÃ¡sit
log	DobrÃ½ den, NedaÅ™Ã­ se mi pÅ™ihlÃ¡sit do LogickÃ© olympiÃ¡dy, jako uÄiteli
log	DobrÃ½ den, Nefunguje mi vstup a pÅ™ihlÃ¡Å¡enÃ­.
log	DobrÃ½ den, Nejde mi se pÅ™ihlÃ¡sit
log	DobrÃ½ den, nejde se nÃ¡m pÅ™ihlÃ¡sit k testu.
log	DobrÃ½ deÅˆ, neviem kde sa mÃ¡m prihlÃ¡siÅ¥.
log	DobrÃ½ den, ObdrÅ¾eli jsme od vÃ¡s pÅ™ihlaÅ¡ovacÃ­ Ãºdaje, nemÅ¯Å¾eme se ale pÅ™ihlÃ¡sit
log	DobrÃ½ den, opakovanÄ› se mi nedaÅ™Ã­ pÅ™ihlÃ¡Å¡enÃ­ do soutÄ›Å¾e, mÅ¯Å¾ete mi poradit?
log	DobrÃ½ den, potÅ™ebovala bych informace ohlednÄ› pÅ™ihlÃ¡Å¡enÃ­. dÄ›kuji
log	DobrÃ½ den, VaÅ¡e heslo asi nefunguje.
log	DobrÃ½ den, VaÅ¡e heslo nefunguje, jak ho obnovÃ­m?
log	DobrÃ½ den, ZapomnÄ›l jsem heslo
log	DobrÃ½ den, Zaregistrovali jsme se na olympiÃ¡du, ale nevÃ­m jak se teÄ mÃ¡me podÃ­vat na vÃ½sledky.
log	DobrÃ½ veÄer, kde se dostanu k vyplnÄ›nÃ­ Ãºloh
log	Heslo, kterÃ© jste mi zaslali je nejspÃ­Å¡e chybnÃ©. Nemohu se pÅ™ihlÃ¡sit.
log	chceme vypracovat test
log	chci psÃ¡t tu soutÄ›Å¾
log	chci se dostat na svÅ¯j profil
log	chtÄ›l bych se pÅ™ihlÃ¡sit
log	ja rikam ze nevim jak se tam dostat
log	ja sem se zaregristrovala a nevim teda jak se tam dostat
log	Jak probÃ­hÃ¡ 1.kolo?
log	jak se dostanu do te olympiady?
log	Jak se majÃ­ Ãºlohy vyplnit
log	jak se mam prihlasit kdyz jsem zaregistrovana
log	Jak se mÃ¡m pÅ™ihlÃ¡sit?
log	jak se muzu prihlasit ?
log	jak se prihlasit
log	jak se pÅ™ihlÃ¡sit
log	jak se ten test sposti
log	jak se ten test spouÅ¡tÃ­?
log	jak se to zapÃ­nÃ¡
log	jak si mÃ¡m zapnout soutÄ›Å¾nÃ­ test?
log	jak si zapnout test
log	jak spustÃ­m soutÄ›Å¾ ?
log	jak zaÄÃ­t plnit ukoly?
log	Jak zaÄÃ­t s testem
log	jdu se podÃ­vat na svÅ¯j profil
log	jsem prihlasena
log	jsem registrovÃ¡na i pÅ™ihlÃ¡Å¡ena, ale nezobrazuje se mi test.
log	Jsem uspÄ›Å¡nÄ› pÅ™ihlÃ¡Å¡ena, ale i pÅ™esto nemou najÃ­t Å¾adnÃ½ vstupnÃ­ test.
log	jsem zaregistrovanÃ½ ale nevÃ­m jak soutÄ›Å¾it
log	Jsme zaregistrovanÃ­ na olympiÃ¡du, ale nevÃ­me jak dÃ¡l postupovat.
log	Kam mÃ¡m napsat heslo z e-mailu
log	kde je login
log	kde je pÅ™ihlÃ¡Å¡enÃ­?
log	kde je test?
log	kde je vstup do soutÄ›Å¾e?
log	Kde mÃ¡m najÃ­t otÃ¡zky do soutÄ›Å¾e?
log	kde mÃ¡m najÃ­t soutÄ›Å¾
log	kde mÃ¡m souÅ¥eÅ¾it
log	kde muzu zacit soutezit
log	Kde mÅ¯Å¾u obnovit heslo?
log	kde mÅ¯Å¾u zaÄÃ­t
log	kde na strÃ¡nce najdu pÅ™ihlÃ¡Å¡enÃ­?
log	kde najdu ten test?
log	Kde naleznu registraÄnÃ­ test ?
log	kde se lognu
log	kde se lognu ?
log	kde se mam pÅ™ihlÃ¡sit
log	kde se mÃ¡m pÅ™ihlÃ¡sit ?
log	Kde se mÃ¡m pÅ™ihlÃ¡sit?
log	kde se mÅ¯Å¾u pÅ™ihlÃ¡st do soutÄ›Å¾e
log	Kde se muÅ¾u zapojit kdyÅ¾ uÅ¾ jsem registrovanÃ½ ?
log	kde se prihlasim
log	kde se prihlasitr
log	kde vstoupÃ­m do souteÅ¾e
log	kdyÅ¾ jsem se uz prihlasila tak kde ty ulohy Å™eÅ¡im?
log	mÃ¡me registraÄnÃ­ Ãºdaje a nelze se pÅ™ihlÃ¡sit, ani po nÄ›kolika zaslanÃ½ch heslech
log	MÅ¯Å¾u se zeptat kde se mÃ¡m pÅ™ihlÃ¡sit?
log	MÅ¯Å¾u si zmÄ›nit heslo?
log	NedaÅ™Ã­ se mi pomocÃ­ zaslanÃ©ho hesla se do soutÄ›Å¾e pÅ™ihlÃ¡sit
log	NedaÅ™Ã­ se mi pÅ™ihlÃ¡sit do LogickÃ© olympiÃ¡dy, jako uÄiteli
log	Nefunguje mi vstup a pÅ™ihlÃ¡Å¡enÃ­.
log	nejde mi se prihlÃ¡sit
log	Nejde mi se pÅ™ihlÃ¡sit
log	nejde pÅ™ihlÃ¡Å¡enÃ­, nedorazil email
log	nejde se mi pÅ™ihlÃ¡sit i po zmÄ›nÄ›nÃ­ hesla
log	Nejde se pÅ™ihlÃ¡sit
log	Nejde se pÅ™ihlÃ¡sit
log	Nelze se pÅ™ihlÃ¡sit
log	nemam prihlasovaci udaje
log	nemohu najit vstup pro zaky
log	nemohu se pÅ™ihlÃ¡sit
log	nemÅ¯Å¾u se pÅ™ihlÃ¡sit
log	nevÃ­m, jak se dostat na Ãºlohy
log	ObdrÅ¾eli jsme od vÃ¡s pÅ™ihlaÅ¡ovacÃ­ Ãºdaje, nemÅ¯Å¾eme se ale pÅ™ihlÃ¡sit
log	ok kde se mÃ¡m pÅ™ipojit
log	potÅ™ebuji spustit test pro kategorii c
log	PotÅ™ebuji vÄ›dÄ›t kde si mÃ¡m napsat logickou olympiÃ¡du
log	prÃ¡vÄ› sem se pÅ™ihlasil dal jsem heslo abych soutÄ›Å¾il jak mam pokraÄovat?
log	prihlsit
log	ProÄ nenÃ­ evidovÃ¡n Å¾Ã¡dnÃ½ test, kdyÅ¾ jeÅ¡tÄ› neuplynul Äas vymezenÃ­ registrace ?
log	ProÄ se mi nejde pÅ™ihlÃ¡sit?
log	ProsÃ­m,jak se pÅ™ihlasit do soutÄ›Å¾e?
log	pÅ™ihlÃ¡sÃ­l jsem se
log	PÅ™ihlÃ¡Å¡enÃ­ poÅ™Ã¡d nefunguje
log	RegistrovÃ¡n jsem. Ale kde se mÃ¡m pÅ™ihlÃ¡sit?
log	syn je jiÅ¾ registrovÃ¡n
log	Zaregistrovali jsme se na olympiÃ¡du, ale nevÃ­m jak se teÄ mÃ¡me podÃ­vat na vÃ½sledky.
reg	Dobry den, kde mohu prihlasit dceru, prosim? Prihlasovaci udaje uz mam v emailu. Dekuji
reg	â€®?ecartsiger Ã¡hÃ­borp sotel kaJ
reg	â€®?tavortsiger es kaJ
reg	ahoj nejde se registrova\?????
reg	ahoj nejde se registrovat
reg	ano jak se zaregistrovat
reg	Do kdy se mÅ¯Å¾u zaregistrovat?
reg	dobrÃ½ den ,mohu se zeptat,jak se zaregistuji
reg	DobrÃ½ den chtÄ›la bych se zeptat kde se potvrdÃ­ aby moje dcera se mohla zÅ¯Äastnit tÃ©hletÃ© soutÄ›Å¾e?
reg	dobry den chtela jsem se zeptat jak muÅ¾u zaÅ™it souteÅ¾it?
reg	DobrÃ½ den kde se mÅ¯Å¾u pÅ™ihlÃ¡sit do soutÄ›Å¾e
reg	Dobry den prajem. Ak presne mam zaregistrovat syna? Pomozte mi prosim vas
reg	DobrÃ½ den, dnes mi pÅ™iÅ¡el mail od naÅ¡Ã­ panÃ­ uÄitelky, Å¾e Å¡kola chce pÅ™ihlÃ¡Å¡ku - mohu se zeptat, zda je nÄ›kde na strÃ¡nkÃ¡ch nÄ›co takovÃ©ho, co se tiskne pro Å¡kolu?
reg	DobrÃ½ den, Do kdy se mÅ¯Å¾u zaregistrovat?
reg	DobrÃ½ den, chci dceru pÅ™ihlÃ¡sit na logickou olympiÃ¡du.
reg	DobrÃ½ den, Chci soutÄ›Å¾it
reg	DobrÃ½ den, chtÄ›la bych pÅ™ihlÃ¡sit syna na logickou olympiÃ¡du. Zuzana Å Å¤astnÃ¡
reg	DobrÃ½ den, chtÄ›li jsme se s dcerou pÅ™ihlÃ¡sit na logickou olympiÃ¡du..
reg	DobrÃ½ den, Jak se zaregistruji?
reg	DobrÃ½ den, Je mi 20 let, mÅ¯Å¾u soutÄ›Å¾it?
reg	dobrÃ½ den, je moÅ¾no se pÅ™ihlÃ¡sit samostatnÄ› nebo je to vÅ¾dy ze Å¡kolky?
reg	DobrÃ½ den, Je potÅ™eba se registrovat?
reg	DobrÃ½ den, kde pÅ™esnÄ› se mÅ¯Å¾u registrovat? Je to na webu?
reg	DobrÃ½ den, Kdy konÄÃ­ registrace?
reg	DobrÃ½ den, MÅ¯Å¾u se jeÅ¡tÄ› zaregistrovat?
reg	DobrÃ½ den, mÅ¯Å¾u se registrovat pÅ™es mobil?
reg	DobrÃ½ den, MÅ¯Å¾u se zaregistrovat dodateÄnÄ›?
reg	DobrÃ½ den, Nestihl jsem registraci
reg	DobrÃ½ den, Nestihla jsem registraci
reg	DobrÃ½ den, rÃ¡d bych zaregistroval svÃ© dÄ›ti, ale - to opravdu budou dÄ›ti vypracovÃ¡vat doma? NenÃ­ to pak spÃ­Å¡e soutÄ›Å¾ rodiÄÅ¯?
reg	DobrÃ½ den, rÃ¡da bych vÄ›dÄ›la kde se mÅ¯Å¾u registrovat! NemÅ¯Å¾u to najÃ­t.
reg	DobrÃ½ den, samozÅ™ejmÄ› jsme zapomnÄ›li registraci. SoutÄ›Å¾ili jsme uÅ¾ v loÅˆskÃ©m roce a mÃ© dcery to ve Å¡kole majÃ­ povinnÃ©. Asi se s tÃ­m uÅ¾ nic udÄ›lat nedÃ¡? DÄ›kuji moc za odpovÄ›Ä. Lucie StruskovÃ¡
reg	DobrÃ½ den, sice to mÃ¡te jasnÄ› napsanÃ© na strÃ¡nkÃ¡ch ğŸ˜Š, ale skuteÄnÄ› jiÅ¾ neexistuje moÅ¾nost dceru pÅ™ihlÃ¡sit? DÄ›kuji
reg	DobrÃ½ den, Å¡kola chce pÅ™ihlÃ¡Å¡ku - kde je?
reg	DobrÃ½ den, Vloni jsem soutÄ›Å¾il
reg	DobrÃ½ veÄer, jak a kde se zde mohu zaregistrovat?
reg	DobrÃ½ veÄer. Nestihla jsem zaregistrÃ³vat syna v 1.tÅ™Ã­dÄ›. NetuÅ¡ila jsem, Å¾e dnes jiÅ¾ nemohu zaregistrovat. MÃ¡me tedy smÅ¯lu nebo se dÃ¡ jeÅ¡tÄ› nÄ›co dÄ›lat. DÃ­ky za info PetrÃ¡Å¡kovÃ¡
reg	dorÃ½ den, uÄitelka nÃ¡s sem odkÃ¡zala abychom dÃ­tÄ› zaregistrovali. nevim kde, poradÃ­te?
reg	hledÃ¡m registraci
reg	HledÃ¡m zlomky
reg	hledÃ¡m zmÄ›nu registraÄnÃ­ch ÃºdajÅ¯ soutÄ›Å¾Ã­cÃ­ho
reg	chci se zaregistrovat
reg	Chci soutÄ›Å¾it
reg	chci zaregistrovat dceru
reg	chici se pÅ™ihlÃ¡simt
reg	chtÄ›la bych najÃ­t zlomky
reg	ChtÄ›la bych pÅ™ihlÃ¡sit syna na logickou olympiÃ¡du.
reg	chtela bych zaregistrovat dceru, ktera navstevuje MS. kde?
reg	jak mÃ¡m zaÄÃ­t soutÄ›Å¾?
reg	jak se dostanu k tomu testu ?
reg	jak se kvam prihlasim.
reg	jak se mÃ¡m tady zaregistrovat ?
reg	Jak se mÃ¡m zapsat do souteÅ¾e
reg	jak se mam zaregistrovat
reg	Jak se mÃ¡m zaregistrovat
reg	Jak se moje dcera mÅ¯Å¾e zÃºÄastnit tÃ©to soutÄ›Å¾e?
reg	Jak se mÅ¯Å¾u zapsat
reg	jak se pripojit do olympiady
reg	jak se pÅ™ihlÃ¡sÃ­m?
reg	jak se pÅ™ihlasit ?
reg	Jak se registruji?
reg	jak se zaregistrovat
reg	jak se zaregistrovat ???
reg	jak se zaregistrovat?
reg	jak se zaregistruji
reg	Jak se zaregistruji?
reg	jak se zaregistruju
reg	jak se Å¾Ã¡ci registrujÃ­ do soutÄ›Å¾e?
reg	jak to mam udelat prosim?X-(
reg	Jak zaÄÃ­t
reg	Jaksezaregistrovat
reg	Jde se jeste zapojit do souteze?
reg	Je mi 20 let, mÅ¯Å¾u soutÄ›Å¾it?
reg	Je potrebnÃ© sa znovu registraovaÅ¥ kaÅ¾dÃ½ rok?
reg	Je potÅ™eba aby byl syn registrovÃ¡n?
reg	Je potÅ™eba se registrovat?
reg	kde je pÅ™ihlÃ¡Å¡ka
reg	kde je registrace
reg	kde je registrace na logicke olympiade
reg	kde je registrace?
reg	kde je registrace???
reg	kde muzu zaregistrovat dite ze zs
reg	kde najdu logickou olympiÃ¡du
reg	kde najdu logickou olympiÃ¡du pro sÅ¡
reg	kde se dÃ¡ registrovat
reg	kde se mam prihlasit
reg	kde se mÃ¡m zaregistrovat bro
reg	kde se mohu registrovat
reg	kde se mohu zaregistrovat
reg	kde se registruje
reg	kde se registrujeme?
reg	kde se zaregistruji
reg	kde se zaregistuju
reg	Kdy konÄÃ­ registrace?
reg	kdy se jde registrovat
reg	KdyÅ¾ pÅ™ihlaÅ¡uji jako rodiÄ 2 dÄ›ti, je tÅ™eba uvÃ©st 2 rÅ¯znÃ© kontaktnÃ­ e-maily?
reg	kolik vÃ¡m je?
reg	KrÃ¡snÃ½ den mÃ¡m pÅ™ihlÃ¡sit dceru. A jak to probÃ­hÃ¡ aÅ¥ vÃ­me co musÃ­me splÅˆovat. A kdy poÄÃ­tat. dÄ›kuji LisickÃ¡
reg	ledam registraci
reg	lze se jeÅ¡tÄ› zaregistrovat do tohoto roÄnÃ­ku logickÃ© olympiÃ¡dy
reg	MÃ¡m se zaregistrovat znova, kdyÅ¾ uÅ¾ jsem tu jednou byla, nebo mÃ¡m dÃ¡t : vstup do soutÄ›Å¾e?
reg	mam se zaregristovat
reg	mÃ¡m zÃ¡jem zaregistrovat kamarÃ¡da
reg	musim dÃ­tÄ›ti vytvoÅ™it jeho email nebo ho mÃ¡m pÅ™ihlÃ¡sit pÅ™es mÅ¯j-matka
reg	muzes mi prosim dat odkaz pro registraci
reg	MÅ¯Å¾u se jeÅ¡tÄ› zaregistrovat?
reg	MÅ¯Å¾u se zaregistrovat dodateÄnÄ›?
reg	Ne, chtÄ›la bych syna pÅ™ihlÃ¡sit.
reg	Nebo ne?
reg	nejdemi se zaregistrovat
reg	Nestihl jsem registraci
reg	Nestihla jsem registraci
reg	potÅ™ebuju zlomky
reg	prihlaseni
reg	prosÃ­m pÅ™ihlÃ¡Å¡ku :-)
reg	prosÃ­m vÃ¡s, kde se mÅ¯Å¾u zaregistrovat na matematickou olympiÃ¡du?
reg	pÅ™hlÃ¡Å¡emÃ­
reg	pÅ™ihlasnÃ­
reg	pÅ™ihlÃ¡Å¡enÃ­
reg	pÅ™ihlÃ¡Å¡ka
reg	pÅ™ihlÃ¡Å¡ka :/
reg	pÅ™ihlÅ¡Ã¡ka
reg	RÃ¡da bych zaregistrovala dceru, nevÃ­m na co kliknout, aby doÅ¡lo k registraci. DÄ›kuji.
reg	Regisstrace
reg	registerace
reg	Registrace
reg	registraÄnÃ­ formulÃ¡Å™
reg	registruji dÃ­tÄ› do LO. Na mail mi byly zaslÃ¡ny pÅ™ihlaÅ¡ovacÃ­ Ãºdaje k ÃºÄtu. Je moÅ¾nÃ© navÅ¡tÃ­vit ÃºÄet uÅ¾ teÄ, nebo aÅ¾ v dobÄ› konÃ¡nÃ­ LO?
reg	regristrace
test	asi si nemuÅ¾u zkusit zbyvajici ulohy ktere jsem v testu nestihla co?
test	BrÃ½ den, mohu si jako dospÄ›lÃ½ zkusit test jen tak, ze zvÄ›davostti? :-)
test	Bude zveÅ™ejnÄ›no zadÃ¡nÃ­ soutÄ›Å¾nÃ­ho testu a sprÃ¡vnÃ© odpovÄ›di?
test	Budete moci mi pomÃ¡hat s odpovÄ›Ämi i pÅ™i testu? :d
test	By bylo moÅ¾nÃ© zaslat test k nÃ¡hledu?
test	Bylo moÅ¾nÃ© zÃ­skat Ãºlohy zÃ¡kladnÃ­ho kola?
test	dej mi ty odpovÄ›di?
test	DobrÃ½ den hledÃ¡m iq test
test	dobrÃ½ den pomuzete mi s priklady logicke olympiady
test	DobrÃ½ den, Bude zveÅ™ejnÄ›no zadÃ¡nÃ­ soutÄ›Å¾nÃ­ho testu a sprÃ¡vnÃ© odpovÄ›di?
test	DobrÃ½ den, By bylo moÅ¾nÃ© zaslat test k nÃ¡hledu?
test	DobrÃ½ den, Bylo moÅ¾nÃ© zÃ­skat Ãºlohy zÃ¡kladnÃ­ho kola?
test	DobrÃ½ den, ChtÄ›la jsem projÃ­t spravnÃ¡ Å™eÅ¡enÃ­
test	DobrÃ½ den, Je moÅ¾nÃ© nÄ›kde vidÄ›t Ãºlohy z minulÃ½ch let?
test	DobrÃ½ den, je moÅ¾nÃ© si vypracovat test znovu? Syn ho dÄ›lal, vÃ½sledky uÅ¾ znÃ¡me a rÃ¡da bych si ho s nÃ­m znovu proÅ¡la. DÄ›kuji.
test	DobrÃ½ den, je moÅ¾nÃ© zÃ­skat zadÃ¡nÃ­ logickÃ© olympiÃ¡dy, Å¾e bychom se na to mohli podÃ­vat spoleÄnÄ› se synem? DÄ›kuji.
test	DobrÃ½ den, je nÄ›kde k dispozici vÃ½sledek testu? Resp. chtÄ›li bychom zjistit, v kterÃ½ch otÃ¡zkÃ¡ch dcera chybovala a kterÃ© mÄ›la sprÃ¡vnÄ›?
test	DobrÃ½ den, je, prosÃ­m, moÅ¾nÃ© nÄ›kde vidÄ›t testovÃ© otÃ¡zky, jak je vyplnila dcera?
test	DobrÃ½ den, Lze nÄ›kde dohledat sprÃ¡vnÃ© Å™eÅ¡enÃ­ Ãºloh?
test	DobrÃ½ den, Mohl bych si projÃ­t sprÃ¡vnÃ© Å™eÅ¡enÃ­ Ãºloh?
test	DobrÃ½ den, Mohl bych vidÄ›t sprÃ¡vnÃ© odpovÄ›di?
test	DobrÃ½ den, MÅ¯Å¾ete mi poslat sprÃ¡vnÃ© Å™eÅ¡enÃ­ testu?
test	DobrÃ½ den, MÅ¯Å¾ete mi prosÃ­m poslat nÄ›jakÃ½ starÅ¡Ã­ test z logickÃ© olympiÃ¡dy ze starÅ¡Ã­ch roÄnÃ­kÅ¯ ?
test	DobrÃ½ den, MÅ¯Å¾ete mi zaslat sprÃ¡vnÃ© odpovÄ›di?
test	DobrÃ½ den, MÅ¯Å¾u se podÃ­vat na sprÃ¡vnÃ© Å™eÅ¡enÃ­ otÃ¡zek?
test	DobrÃ½ den, najdu prosÃ­m nÄ›kde Ãºkoly olympiÃ¡dy z minulÃ½ch let? Pro inspiraci, jak testy vypadajÃ­? :-)
test	DobrÃ½ den, ProsÃ­m o zasÃ­lÃ¡nÃ­ pÅ™Ã­kladÅ¯ logickÃ© olympiÃ¡dy.
test	DobrÃ½ den, ProsÃ­m o zaslÃ¡nÃ­ Å™eÅ¡enÃ­ otÃ¡zek z testu
test	DobrÃ½ den, RÃ¡di bychom vidÄ›li zadÃ¡nÃ­ testu se sprÃ¡vnÃ½mi reÅ¡enÃ­mi.
test	DobrÃ½ den, UvidÃ­ nÄ›kdy vyuÄujÃ­cÃ­ test a sprÃ¡vnÃ© odpovÄ›di?
test	DobrÃ½ den. HledÃ¡m nÄ›jakÃ© Ãºlohy na procviÄenÃ­ pro kategorii A.
test	HledÃ¡m ukÃ¡zky pÅ™Ã­kladÅ¯
test	HledÃ¡m ukÃ¡zky pÅ™Ã­kladÅ¯ z pÅ™edeÅ¡lÃ½ch let
test	ChtÄ›la jsem projÃ­t spravnÃ¡ Å™eÅ¡enÃ­
test	Jak je tÄ›Å¾kÃ¡?
test	jak jsou Ãºkoly tÄ›Å¾kÃ©?
test	Jak mohu vyhrÃ¡t?
test	jak to funguje?
test	Jak vyhrÃ¡tğŸ˜€
test	Jak vypadÃ¡ test?
test	jaky je nejlepsi vysledek
test	jakÃ½ Ãºlohy?!
test	je logickÃ¡ olympiÃ¡da tÄ›Å¾kÃ¡?
test	Je moÅ¾nÃ© nÄ›kde vidÄ›t Ãºlohy z minulÃ½ch let?
test	je moÅ¾nÃ© si zkusit test logickÃ© olympiÃ¡dy?
test	je ta logicka olympiada jako tezka
test	je test teÅ¾kÃ½?
test	Kde jsou otÃ¡zky a Ãºlohy na tu logistickou soutÄ›Å¾?
test	Kde jsou otÃ¡zky a Ãºlohy?
test	kde si mam vyplnit test pokud jsem registrovan
test	kde si muzu skusit test
test	kudy na nÄ›jakej test?
test	kudy nanejakej test?
test	Loni jste meli nejakou ucebnice pro ty kdo chci zucastit se olimpiady, nebo i tak. Mate ji tento rok?
test	Lze nÄ›kde dohledat sprÃ¡vnÃ© Å™eÅ¡enÃ­ Ãºloh?
test	Mohl bych si projÃ­t sprÃ¡vnÃ© Å™eÅ¡enÃ­ Ãºloh?
test	Mohl bych vidÄ›t sprÃ¡vnÃ© odpovÄ›di?
test	mohu si jako dospÄ›lÃ½ zkusit test jen tak, ze zvÄ›davostti?
test	muzu se podivat na svuj test a na chyby v nem?
test	MÅ¯Å¾ete mi poslat sprÃ¡vnÃ© Å™eÅ¡enÃ­ testu?
test	MÅ¯Å¾ete mi prosÃ­m poslat nÄ›jakÃ½ starÅ¡Ã­ test z logickÃ© olympiÃ¡dy ze starÅ¡Ã­ch roÄnÃ­kÅ¯ ?
test	MÅ¯Å¾ete mi zaslat sprÃ¡vnÃ© odpovÄ›di?
test	MÅ¯Å¾u se podÃ­vat na sprÃ¡vnÃ© Å™eÅ¡enÃ­ otÃ¡zek?
test	nejake cheaty
test	nemÃ¡te logickÃ© testy k zakoupeni na procviÄovÃ¡nÃ­?
test	otÃ¡zky pokud jsem se nezucastnil?
test	PomÅ¯Å¾ete mi i pÅ™i testu?
test	ProsÃ­m o zasÃ­lÃ¡nÃ­ pÅ™Ã­kladÅ¯ logickÃ© olympiÃ¡dy.
test	ProsÃ­m o zaslÃ¡nÃ­ Å™eÅ¡enÃ­ otÃ¡zek z testu
test	rÃ¡da bych vÄ›dÄ›la, zda si mÅ¯Å¾eme vyzkouÅ¡et nÄ›jakÃ© testy naneÄisto pÅ™ed vyplnÄ›nÃ­m ostrÃ©ho testu. Jde mi o to, abychom vÄ›dÄ›li co nÃ¡s ÄekÃ¡
test	RÃ¡di bychom vidÄ›li zadÃ¡nÃ­ testu se sprÃ¡vnÃ½mi reÅ¡enÃ­mi.
test	ty ulohy jsou dobra volba
test	UkÃ¡zkovÃ© Ãºlohy
test	UvidÃ­ nÄ›kdy vyuÄujÃ­cÃ­ test a sprÃ¡vnÃ© odpovÄ›di?
test	zadani uloh
uc	DobrÃ½ den, Dostanu informace jako uÄitel?
uc	DobrÃ½ den, Dostanu jako uÄitel informace o OlympiÃ¡dÄ›?
uc	DobrÃ½ den, chtÄ›la bych se zeptat. Jsem uÄitelka na ZÅ  a naÅ¡i Å¾Ã¡ci se chtÄ›jÃ­ zÃºÄastnit logickÃ© olympiÃ¡dy, musÃ­m se jako kantor registrovat takÃ©?
uc	DobrÃ½ den, Jak se uÄitel dozvÃ­ vÃ½sledky svÃ½ch Å¾Ã¡kÅ¯?
uc	DobrÃ½ den, Jak se zaregistrovat jako uÄitel?
uc	DobrÃ½ den, Kde najdu vÃ½sledky svÃ½ch studentÅ¯?
uc	DobrÃ½ den, Kde najdu vÃ½sledky svÃ½ch Å¾Ã¡kÅ¯?
uc	DobrÃ½ den, MÃ¡m potvrdit Å¾Ã¡ky ze svÃ© tÅ™Ã­dy?
uc	DobrÃ½ den, MÄ›l bych potvrdit Å¾Ã¡ky ze svÃ© Å¡koly?
uc	DobrÃ½ den, MusÃ­m se jako uÄitel registrovat znovu?
uc	DobrÃ½ den, MÅ¯Å¾u se zaregistrovat jako uÄitel?
uc	DobrÃ½ den, UvidÃ­m vÃ½sledky svÃ½ch studentÅ¯?
uc	DobrÃ½ den, ZÅ¯stane mi jako uÄiteli registrace do dalÅ¡Ã­ch let?
uc	Dostanu informace jako uÄitel?
uc	Dostanu jako uÄitel informace o OlympiÃ¡dÄ›?
uc	Jak se uÄitel dozvÃ­ vÃ½sledky svÃ½ch Å¾Ã¡kÅ¯?
uc	jsem uÄitel
uc	Jsem uÄitel, hledÃ¡m vÃ½sledky svÃ½ch studentÅ¯ z pÃ¡tku. Na svÃ©m pÅ™ihlÃ¡Å¡enÃ­ je nevidÃ­m.
uc	Kde najdu vÃ½sledky svÃ½ch studentÅ¯?
uc	Kde najdu vÃ½sledky svÃ½ch Å¾Ã¡kÅ¯?
uc	MÃ¡m potvrdit Å¾Ã¡ky ze svÃ© tÅ™Ã­dy?
uc	MÄ›l bych potvrdit Å¾Ã¡ky ze svÃ© Å¡koly?
uc	Mohu se zaregistrovat jako uÄitel?
uc	MusÃ­m potvrdit Å¾Ã¡ky ze svÃ© tÅ™Ã­dy?
uc	nevidÃ­m vÃ½sledky z krajskÃ©ho kola svÃ½ch studentÅ¯
uc	UÄitel
uc	UvidÃ­m vÃ½sledky svÃ½ch studentÅ¯?
vypr_cas	co kdyÅ¾ Äas vyprÅ¡el a jÃ¡ nestihla odeslat vÃ½sledky? Poslali se automaticky?
vypr_cas	DobrÃ½ den, dÄ›lal jsem test a doÅ¡el mi Äas.
vypr_cas	DobrÃ½ den, dÄ›lal jsem test a doÅ¡el mi Äas. TeÄ se mi ukazuje, Å¾e doÅ¡el Äas, ale netuÅ¡Ã­m, zda se uloÅ¾il a zda jsem byl zapoÄten
vypr_cas	DobrÃ½ den, kdyÅ¾ jsem nestihl zaÅ¡krtnout jednu odpovÄ›Ä, vyskoÄilo mi, Å¾e Äas vyprÅ¡el. UloÅ¾ily se moje vÃ½sledky do soutÄ›Å¾e? DÄ›kuji za odpovÄ›Ä.
vypr_cas	DobrÃ½ den, pÅ™i poslednÃ­ otÃ¡zce se po kliknutÃ­ na dalÅ¡Ã­ nic nestalo a potÃ© vyprÅ¡el Äas. Je to tak sprÃ¡vnÄ›?
vypr_cas	DobrÃ½ den, vyskoÄilo mi, Å¾e Äas vyprÅ¡el. Budu hodnocenÃ¡?
vypr_cas	DobÅ™e, ale uloÅ¾il se test?
vypr_cas	DoÅ¡el mi Äas
vypr_cas	mÅ¯Å¾u se zeptat, pokud jsem vyplnil test a Äas vyprÅ¡el, znamenÃ¡ to Å¾e byl takÃ© odeslÃ¡n v aktuÃ¡lnÃ­m stavu a je tedy platnÃ½ nebo bylo nutno odeslat odpovÄ›Ä pÅ™ed limitem?
vypr_cas	Test mi ukazuje, Å¾e doÅ¡el Äas, ale netuÅ¡Ã­m, zda se uloÅ¾il.
vysl	a budete vÃ½sledky posÃ­lat do mailu ÃºÄastnÃ­kÅ¯m soutÄ›Å¾e?
vysl	A kde na strankach lze vidÄ›t zda je jiÅ¾ poÅ™adÃ­?
vysl	A poradi resitelu?
vysl	Co tÅ™eba mi Å™Ã­ct ty vÃ½sledky.
vysl	dcera se zÃºÄastnila a nepÅ™iÅ¡ly nÃ¡m vysledky
vysl	DobrÃ½ den mohu se zeptat kde najdu vÃ½sledky pro kategorii B ?
vysl	dobry den muzu se zeptat kdy budou vysledky kategorie B ?
vysl	DobrÃ½ den nevÃ­m kde jse mam podÃ­vat jak jsem dopadl ?
vysl	dobrÃ½ den ted jsme vypracovali test ale neslo kliknout na dalsi, tak jsem pockala az skonci cas a le vysledky nemam ty maji prijitj pozdej ?
vysl	DobrÃ½ den, budou k dispozici vÃ½sledky krajskÃ©ho kola?
vysl	DobrÃ½ den, budou tu i vÃ½sledky krajskÃ½ch kol, resp. postupujÃ­cÃ­ do celost. kola? DÄ›kuji.
vysl	DobrÃ½ den, hledÃ¡m vÃ½sledky vÄerejÅ¡Ã­ho testu a chtÄ›la bych vÄ›dÄ›t, jestli je test jen jeden nebo bude v prÅ¯bÄ›hu celÃ©ho tÃ½dne kaÅ¾dÃ½ den nÄ›jakÃ½ test :-) dÄ›kuji
vysl	DobrÃ½ den, chtÄ›l bych vidÄ›t vÃ½sledky dneÅ¡nÃ­ho finÃ¡le.
vysl	DobrÃ½ den, chtÄ›la jsem se zeptat. PÅ™ihlÃ¡sila jsem syna, jeho vÃ½sledky uvidÃ­ jen on sÃ¡m po pÅ™ihlÃ¡Å¡enÃ­ nebo mÃ¡m i jÃ¡ nÄ›jakou moÅ¾nost je vidÄ›t?
vysl	DobrÃ½ den, jak a kdy se dozvÃ­m mÅ¯j vÃ½sledek?
vysl	DobrÃ½ den, jak poznÃ¡me ÃºspÄ›Å¡nÃ©ho Å™eÅ¡itele?
vysl	DobrÃ½ den, jak se dostaneme k vÃ½sledkÅ¯m skupiny A, pokud nÃ¡m olympiÃ¡du psalo dÃ­tÄ› doma a ne ve Å¡kole?
vysl	DobrÃ½ den, Jak se mÃ¡m dostat k vysledkÅ¯m?
vysl	DobrÃ½ den, Jak zjistÃ­m jak jsem dopadl?
vysl	DobrÃ½ den, Jak zjistÃ­m kdy budou k dispozici vÃ½sledky?
vysl	DobrÃ½ den, Kde mohu zjistit vÃ½sledky finÃ¡le?
vysl	DobrÃ½ den, Kde mohu zjistit vÃ½sledky krajskÃ©ho kola?
vysl	DobrÃ½ den, Kde mohu zjistit vÃ½sledky zÃ¡kladnÃ­ho kola?
vysl	DobrÃ½ den, kde najdu celkovÃ© vÃ½sledky kat. B
vysl	DobrÃ½ den, Kde najdu vÃ½sledky testu?
vysl	DobrÃ½ den, Kde uvidÃ­m vÃ½sledky?
vysl	dobrÃ½ den, kde zjistÃ­m vÃ½sledek svÃ©ho dÃ­tÄ›te?
vysl	DobrÃ½ den, Kdy a jakÃ½m zpÅ¯sobem se dozvÃ­m vÃ½sledky krajskÃ©ho kola?
vysl	DobrÃ½ den, Kdy a jakÃ½m zpÅ¯sobem se dozvÃ­m vÃ½sledky zÃ¡kladnÃ­ho kola?
vysl	DobrÃ½ den, Kdy budou k dispozici vÃ½sledky?
vysl	DobrÃ½ den, Kdy zveÅ™ejnÃ­te vÃ½sledky?
vysl	DobrÃ½ den, nebloudÃ­m, hledÃ¡m vÃ½sledky dcer
vysl	DobrÃ½ den, NepÅ™iÅ¡ly mi vÃ½sledky
vysl	DobrÃ½ den, rÃ¡d bych se zeptal, kdy budou zveÅ™ejnÄ›ny vÃ½sledky kategorie C. DÄ›kuji, s pozdravem,
vysl	DobrÃ½ den, UÅ¾ jsou vÃ½sledky olympiÃ¡dy?
vysl	DobrÃ½ den, vyprÅ¡el mi Äas a jÃ¡ teÄ nevÃ­m, jestli vysledky zjistÃ­m aÅ¾ za nÄ›jakou dobu, Äi se mi mÄ›ly ukÃ¡zat hned?
vysl	DobrÃ½ den, Za jak dlouho budeme vÄ›dÄ›t vÃ½sledky?
vysl	Dobry den. Smim se zeptat, kdy budou vÃ½sledky kategorie C?
vysl	Dobry veneer, najdu tady uz vysledky?
vysl	hledÃ¡m jak dopadla olimpiÃ¡da
vysl	HledÃ¡m vÃ½sledky
vysl	hledÃ¡m vÃ½sledky z mÃ©ho testu
vysl	hodnocenÃ­
vysl	Chci zjistit jestli se syn dostal dÃ¡l v logickÃ© olympiÃ¡dÄ›
vysl	JÃ¡ bych se chtÄ›l zeptat, kdy budou vÃ½sledky kategorie B
vysl	Jak mi dopadl test?
vysl	Jak se mÃ¡m dostat k vysledkÅ¯m?
vysl	jak to je s vÃ½slekdy?
vysl	Jak zjistÃ­m jak jsem dopadl?
vysl	Jak zjistÃ­m kdy budou k dispozici vÃ½sledky?
vysl	Jak zjistÃ­m na jakÃ©m mÃ­stÄ› jsem se umÃ­stila
vysl	jakÃ½ den budou vÃ½sledky
vysl	Jde zde najÃ­t na kolikÃ¡tÃ©m mÃ­stÄ› jsem se umÃ­stila ???
vysl	Je moÅ¾nÃ© dohledat vÃ½sledky z pÅ™edchozÃ­ch let?
vysl	kde jsou vÃ½sledky
vysl	Kde jsou vÃ½sledky dnes probÄ›hlÃ©ho finÃ¡le.
vysl	Kde jsou vÃ½sledky finÃ¡le?
vysl	kde jsou vysledky ze skoly zs blatenska horaÅ¾dovice .
vysl	kde jsou vÃ½sledky?
vysl	kde mÃ¡m vÃ½sledky
vysl	Kde mohu zjistit vÃ½sledky finÃ¡le?
vysl	Kde mohu zjistit vÃ½sledky krajskÃ©ho kola?
vysl	Kde mohu zjistit vÃ½sledky zÃ¡kladnÃ­ho kola?
vysl	Kde najdu poÅ™adÃ­
vysl	Kde najdu vÃ½sledky krajskÃ½ch kol?
vysl	kde najdu vÃ½sledky pro kategorii A?dÄ›kuji
vysl	Kde najdu vÃ½sledky testu?
vysl	kde najdu vysledky?
vysl	kde najdu vÃ½sledky?
vysl	Kde najit vysledky
vysl	Kde prosÃ­m najdeme vÃ½sledky?
vysl	Kde uvidÃ­m vÃ½sledky?
vysl	kde zjistÃ­m vÃ½sledky
vysl	Kdo teda vyhrÃ¡l?
vysl	Kdy a jak se dozvÃ­m vÃ½sledky?
vysl	Kdy a jakÃ½m zpÅ¯sobem se dozvÃ­m vÃ½sledky krajskÃ©ho kola?
vysl	Kdy a jakÃ½m zpÅ¯sobem se dozvÃ­m vÃ½sledky zÃ¡kladnÃ­ho kola?
vysl	Kdy a kde budou vÃ½sledky finÃ¡le LO?
vysl	Kdy a kde se dozvÃ­m jak dopadl test?
vysl	Kdy budou k dispozici vÃ½sledky?
vysl	kdy budou prosÃ­m zveÅ™ejnÄ›ny vÃ½sledky krajskÃ½ch kol na webu?
vysl	kdy budou vÃ½sledky 1.kola
vysl	kdy budou vysledky c?
vysl	Kdy budou vÃ½sledky finÃ¡le?
vysl	kdy budou vÃ½sledky logickÃ© olympiady kategorie B?
vysl	kdy budou vÃ½sledky z logickÃ© olympiÃ¡dy
vysl	Kdy budou vÃ½sleedky?
vysl	kdy budou znÃ¡my vÃ½sledky kategorie B zÃ¡kladnÃ­ kolo? DÄ›kuji
vysl	Kdy se dozvÃ­m vÃ½sledek? Jsem student SÅ .
vysl	Kdy se dozvÃ­m vÃ½sledky
vysl	Kdy se dozvÃ­m vÃ½sledky?
vysl	Kdy zveÅ™ejnÃ­te vÃ½sledky?
vysl	MÃ¡me nÄ›kde vysledky z minulych let
vysl	myslÃ­te, Å¾e vyhraju
vysl	na jakÃ©m webu jsou vÃ½sledky ?
vysl	Ne dÄ›kuji, zrovna jsem vypracovala test a jen jsem si potÅ™ebovala zjistit, kdy budou vÃ½sledky..
vysl	NepÅ™iÅ¡ly mi vÃ½sledky
vysl	nevÃ­m kde jsou vysledky souteze
vysl	Postoupil jsem do dalÅ¡Ã­ho kola?
vysl	PotÅ™ebovala bych zjistit vÃ½sledky testu syna a nevÃ­m jak na to
vysl	Prave jsem dopsala test, kdx se dozvim a kde vysledek??
vysl	prosÃ­m kde najdu vÃ½sledky krajskÃ©ho kola ? ğŸ™„
vysl	RÃ¡da bych zjistila vÃ½sledky
vysl	UÅ¾ jsou vÃ½sledky olympiÃ¡dy?
vysl	vÃ­sledky
vysl	vÃ½ledky
vysl	vÃ½sledek
vysl	VÃ½sledek moji logicky olipiady
vysl	vysledky
vysl	vÃ½sledky
vysl	Vysledky kategorie A
vysl	VÃ½sledky krajskeho kola olomouc
vysl	Vysledky logicke olympiady najdu kde?
vysl	vÃ½sledky mÃ©ho testu
vysl	vÃ½sledky zÃ¡kladnÃ­ho kola
vysl	vÃ½sledky?
vysl	vysledlky
vysl	Za jak dlouho budeme vÄ›dÄ›t vÃ½sledky?
vysl	zatÃ­m tam nejsou vÃ½sledky
	NepÅ™iÅ¡el e-mail/souhlas